id,country,region,city,language,gender,birth_year,birth_month,last_ia_timestamp,optin_channel
005056BF63C01EECB48DF3F1EE06D0AD,LA,,,,,,,,Y
005056BFF94F1EDCB49008A92F58240B,LA,,,,,,,,Y
005056BFC8E81EECB4F23EBF16E71EE4,LA,,,,,,,,Y
005056BFAFAF1EDCBEA8A014D598377A,LA,,,E,,,,,
005056BFC8E81EECB4F23EBE07F2DEE4,LA,,,,,,,,Y
005056BFC8E81EECB4F243E22659BEEA,LA,,,,,,,,Y
005056BF63C01EDCA7C45087976E5E38,LA,,,E,,,,,Y
005056BFF94F1EECB4F4A4EAA2548DA8,LA,,,,,,,,Y
005056BFC8E81EECB4F2195D089C9CBD,LA,,,,,,,,N
005056B85CC51EDAA9896FBE121C0487,LA,,,E,,,,,
005056BF63C01EDCB58A87529D8BAA5F,LA,,,E,,,,,
005056BFF94F1EECAECD2AF4745855EF,LA,13,SEESATTANARK,E,,,,,
005056BF63C01EDCB58ABC0220A3CC99,LA,,,E,,,,,
005056BF63C01EECB4D8B29890D66AFA,LA,,,E,,,,,N
005056BF63C01EDCB58AC2888E55ED3B,LA,04,,E,,,,,
005056BF63C01EDCB58AC2888E4FED3B,LA,,,E,,,,,
005056BF63C01EDCB58AC282BB282D3B,LA,13,,E,,,,,
005056BF63C01EDCB58AC27E66036D34,LA,,,E,,,,,
005056BF63C01EECB4D86C67D7052790,LA,04,,E,,,,,
005056BF63C01EDCB58AC9D8AC786DAE,LA,04,,E,,,,,
005056BF63C01EDCB58AC9D6FBD90DAE,LA,13,,E,,,,,
005056BF63C01EDCB58AC9D55FEF4DAE,LA,13,,E,,,,,
005056BF63C01EDCB58AC9D1E655EDAE,LA,,,E,,,,,
005056BF63C01EDCB58AD06869F92DB0,LA,13,,E,,,,,
005056BF63C01EDCB58AD06869CFCDB0,LA,,,E,,,,,
005056BF63C01EDCB58AD066D6BA0DB0,LA,,,E,,,,,
005056BF63C01EDCB58AD71948A0CDB4,LA,,,E,,,,,
005056BF63C01EDCB58AD719488FCDB4,LA,,,E,,,,,
005056BF63C01EDCB58AD70683078DB4,LA,,,E,,,,,
005056BF63C01EDCB58ADE7A53B9EEC9,LA,12,,E,,,,,
005056BF63C01EDCB58ADE782B9B0EC9,LA,11,,E,,,,,
005056BF63C01EDCB58ADE7459D82EC9,LA,,,E,,,,,
005056BF63C01EDCB58AE6592F6AAECE,LA,,,E,,,,,
005056BF63C01EDCB58AE655E2F70ECE,LA,13,,E,,,,,
005056BF63C01EDCB58AED3E2CCD0ED1,LA,,,E,,,,,
005056BF63C01EDCB58AED3CB06D6ED1,LA,,,E,,,,,
005056BF63C01EECB48D0F9E979346BE,LA,13,,E,,,,,
005056BF63C01EDCB58AF5013ADF2FE6,LA,,,E,,,,,
005056BF63C01EDCB58AFCA608A56FEF,LA,,,E,,,,,
005056BF63C01EDCB58AFCA25D306FEF,LA,,,E,,,,,
005056BF63C01EDCB58AFCA25CDEEFEF,LA,,,E,,,,,
005056BF63C01EDCB0CB76A46D78A9BA,LA,,,E,,,,,N
005056BF63C01EDCB58B04979E5BF010,LA,,,E,,,,,
005056BF63C01EDCB68881F2F2E45449,LA,,,E,,,,,
005056B829D81EDBBBDE5B1811931B96,LA,,,E,,,,,Y
005056BFC8E81EDCBFBFB68824616877,LA,,,E,,,,,
005056BF63C01EDCB58B188C3E7550EE,LA,,,,,,,,Y
005056BF63C01EDCB58B42712FC6530B,LA,,,,,,,,Y
005056BFAFAF1EEC9FD60D1A9EF151C6,LA,,,E,,,,,
005056BF63C01EDCB68891379FA4F53C,LA,,,E,,,,,
005056BF63C01EDCB68891379F47F53C,LA,,,E,,,,,
005056BF63C01EDCB68891321074553C,LA,,,E,,,,,
005056BF63C01EDCB6889132100F753C,LA,,,E,,,,,
005056BF63C01EDCB58B5127BE127423,LA,,,,,,,,Y
005056BFC8E81EECB883ECB9D8500220,LA,,,E,,,,,
005056BFAFAF1EDCBEA8A6BEBF4E177C,LA,13,,E,,,,,
005056BFC8E81EECB883ECB7B2634220,LA,,,E,,,,,
005056BFC8E81EECB883ECB3E7246220,LA,,,E,,,,,
005056BFC8E81EECB883ECB3E6FD4220,LA,,,E,,,,,
005056BFAFAF1EDCBEA8A6AB73AE177C,LA,13,,E,,,,,
005056B829D81EEAB0D6955D36275F83,LA,,,E,,,,,
005056BFF94F1EDCB58DC674700A7BD2,LA,,,,,,,,Y
005056BF63C01EECB0C9D67D4AA7DDA8,LA,,,,,,,,Y
005056BF63C01EDCB68898E410361541,LA,,,E,,,,,
005056BF63C01EDCB68898D6DC353541,LA,,,E,,,,,
005056BF63C01EDCB68898D6DBFBF541,LA,,,E,,,,,
005056BFC8E81EECB590DB446F78B6A7,LA,,,,,,,,Y
005056B8A9EA1EEAA6AA24CB4ACB2B3B,LA,,,E,,,,,
005056BF63C01EDCB688A08D9B06F547,LA,13,,E,,,,,
005056BFC8E81EDC92DA346B12CC0E21,LA,13,,E,,,,,
005056BFC8E81EECB7864E168A0F189D,LA,,,E,,,,,
005056BF63C01EDCB688A77210BE9643,LA,13,,E,,,,,
005056BF63C01EDCB688A76EF46D7643,LA,13,,E,,,,,
005056BF63C01EDCB688A768D21A1643,LA,13,,E,,,,,
005056BF63C01EDCB688A768D1DF9643,LA,,,E,,,,,
005056BFC8E81EECB78653DD5FC8D8A2,LA,13,,E,,,,,
005056BFC8E81EECB78653DBD2CFF8A2,LA,04,,E,,,,,
005056BF63C01EDCB688AF5D013AB64D,LA,,,E,,,,,
005056BF63C01EDCB688AF5B76C2164D,LA,13,,E,,,,,
005056BF63C01EDCB688AF5B768EB64D,LA,13,,E,,,,,
005056BF63C01EDCB688AF582A26764D,LA,13,,E,,,,,
005056BFF94F1EEC8EFC78A4ED7FCDB5,LA,13,,E,,,,,
005056BFC8E81EDCB6ED230A0FB002C0,LA,13,,E,,,,,
005056BFAFAF1EECA0A1922D223972BB,LA,12,,E,,,,,
005056BFC8E81EECB883F4E43A6362C0,LA,,,E,,,,,
005056BFC8E81EECB883F4CCBC2342B8,LA,,,E,,,,,
005056BFC8E81EECB883F4CCBBFC42B8,LA,,,E,,,,,
005056B829D81EEB898474396771B059,LA,13,,E,,,,,
005056BF63C01EDCB688B6C847D9B64F,LA,,,E,,,,,
005056BF63C01EDCB688B6C3D745164F,LA,13,,E,,,,,
005056BF63C01EDCB688B6C26ABA764F,LA,13,,E,,,,,
005056BFC8E81EECB7865A5CA3EEF9AD,LA,13,,E,,,,,
005056BFC8E81EECB7865A5B1E02F9AD,LA,13,,E,,,,,
005056BFC8E81EECB7865A584E3199AD,LA,,,E,,,,,
005056BFC8E81EECB7865A4CA1E979AD,LA,,,E,,,,,
005056BFC8E81EECB4F1B154E1CFF876,LA,13,,E,,,,,
005056BF63C01EDCB688C9DA6AD1D73A,LA,13,,E,,,,,
005056BF63C01EDCB688C9D7436F773A,LA,,,E,,,,,
005056B829D81EDB97C95C9BE6CFF3F4,LA,04,,E,,,,,
005056BFC8E81EECB883FBF548DEE31A,LA,,,E,,,,,
005056BFC8E81EECB883FBF38FCD631A,LA,,,E,,,,,
005056BFC8E81EECB786607EF4C5D9B0,LA,13,,E,,,,,
005056BFC8E81EECB883FBF38FACA31A,LA,,,E,,,,,
005056BF63C01EDCB688D1F6AEDB37B9,LA,,,E,,,,,
005056BF63C01EDCB688D1F6AEC357B9,LA,13,นครหลวง,E,,,,,
005056BFC8E81EECB7866079753C19B0,LA,13,,E,,,,,
005056BFC8E81EECB7866064D787F9B0,LA,,,E,,,,,
005056BFC8E81EDCBFBFBE454CBB287C,LA,,,E,,,,,
005056BF63C01EDCB688DC06A6F2F80D,LA,13,,E,,,,,
005056BF63C01EDCB688E6C0BBFD581A,LA,,,E,,,,,
005056BF63C01EDCB688E6A68440581A,LA,,,E,,,,,
005056BFC8E81EECB78666C385FC79B6,LA,,,E,,,,,
005056BF63C01EDCB688F1C777FA58F7,LA,,,E,,,,,
005056BFC8E81EECB88402F76ED4831E,LA,,,E,,,,,
005056BFC8E81EECB88402F76EB3431E,LA,,,E,,,,,
005056BF63C01EDCB688FBAFEFD158FC,LA,,,E,,,,,
005056BF63C01EDCB6890636BE53DA00,LA,,,E,,,,,
005056BFF94F1EEC86C95E1665B2158C,LA,,,,,,,,Y
005056BFC8E81EECB88409BD1B2D2320,LA,,,E,,,,,
005056BFC8E81EECB88409B6FB29A320,LA,,,E,,,,,
005056BFC8E81EECB884099D08EF6320,LA,,,E,,,,,
005056BFC8E81EECB884099D08BF6320,LA,,,E,,,,,
005056BF63C01EDCB68922C53829BB07,LA,,,E,,,,,
005056BFC8E81EECB7867D3AA0C4FAD2,LA,,,E,,,,,
005056BFC8E81EECB786840DC9381BF0,LA,13,,E,,,,,
005056BFC8E81EECB786840DC8D7FBF0,LA,,,E,,,,,
005056BFC8E81EECB786840B5B899BF0,LA,13,,E,,,,,
005056BFC8E81EECB7868401AE43BBF0,LA,07,,E,,,,,
005056B8A9EA1EDA96C5F8A809EB1510,LA,,,E,,,,,
005056BFC8E81EECB88410D5FA36A410,LA,,,E,,,,,
005056B85CC51EDA949862D4503B6E1F,LA,,,A,,,,,
005056BFC8E81EECB88410CEF0CA6410,LA,,,E,,,,,
005056BFC8E81EECB88410CD705AE410,LA,,,E,,,,,
005056BF63C01EDCB68953F8CF67DD03,LA,,,,,,,,Y
005056BFF94F1EECB98264B27FBE4273,LA,,,,,,,,Y
005056BFC8E81EECB7868B2A2D447BF8,LA,13,,E,,,,,
005056BFC8E81EECB7868B277E9FBBF8,LA,,,E,,,,,
005056BFC8E81EECA2E8FC05B2A65A2A,LA,,,2,,,,,Y
005056B864471EEB8CB02D890573CFB3,LA,,,E,,,,,
005056BF63C01EDCB68969360A0E5E05,LA,,,,,,,,Y
005056BFAFAF1EDC808690587C92EC12,LA,,,,,,,,Y
005056BF63C01EDCB689733B7BBC3F03,LA,,,,,,,,Y
005056BFC8E81EECB7869249F43A3BFC,LA,13,,E,,,,,
005056BFC8E81EECB78692408CA99BFA,LA,13,,E,,,,,
005056BFF94F1EDCB68B7782D5487338,LA,,,,,,,,Y
005056BFF94F1EECB982697C7481C27C,LA,,,,,,,,Y
005056BF63C01EDCB6897DB9D2803F0B,LA,,,,,,,,Y
005056BFC8E81EECB8841F0702BB6418,LA,,,E,,,,,
005056BFC8E81EECB8841F0384CC6418,LA,,,E,,,,,
005056BFC8E81EECB8841EFDE522A418,LA,,,E,,,,,
005056BFC8E81EDD80F0BE75B05B08E5,LA,,,,,,,,Y
005056BFAFAF1EDCBEA8AD9EF49D377F,LA,,,E,,,,,Y
005056BFC8E81EECB786A9C15D22DD03,LA,,,E,,,,,
005056BFC8E81EECB786A9BD55241D03,LA,,,E,,,,,
005056BFF94F1EECB982736274652391,LA,,,,,,,,Y
005056BFAFAF1EDCBEA8AD9D80D0977F,LA,,,E,,,,,
005056BFC8E81EECB88426768CD484FC,LA,,,E,,,,,
005056BFC8E81EECB88426768CCEC4FC,LA,,,E,,,,,
005056B8A9EA1EDBAB9CEE9BB44D7810,LA,,,E,,,,,Y
005056BFC8E81EECB8842674C688C4FC,LA,,,E,,,,,
005056BFC8E81EECB88426732C8924FC,LA,,,E,,,,,
005056BFC8E81EECB88426732C42E4FC,LA,,,E,,,,,
005056BFF94F1EECB982735F3DA7E391,LA,,,,,,,,Y
005056BFAFAF1EDCBEA8AD9BF255577F,LA,,,E,,,,,
005056BFF94F1EECA5FAC2077D8282ED,LA,,,E,,,,,Y
005056BFAFAF1EDCBEA8AD9BF204177F,LA,,,E,,,,,
005056BFAFAF1EDCBEA8AD99F8D0777F,LA,17,,E,,,,,Y
005056BFAFAF1EDCBEA8AD99F8C8377F,LA,13,,E,,,,,
005056BF63C01EDCBA82602062FB7256,LA,,,,,,,,Y
005056BF63C01EDCB5BD1EC7137AC32B,LA,13,,E,,,,,
005056BFF94F1EECB98278BF3E99C394,LA,,,2,,,,,Y
005056BFC8E81EECB786B7EED527BE0D,LA,,,E,,,,,
005056BFC8E81EECB8842DC4C5C14501,LA,,,E,,,,,
005056BFC8E81EECB8842DC3210C8500,LA,,,E,,,,,
005056BFC8E81EECB8842DC4C6044501,LA,,,E,,,,,
005056B829D81EDA9D83CF67606952B0,LA,,,E,,,,,Y
005056BFC8E81EECB8842DC320DC6500,LA,,,E,,,,,
005056BFC8E81EECB8842DC320CD4500,LA,,,E,,,,,
005056BFC8E81EDCB6A1A37609A0B8A4,LA,13,,E,,,,,
005056BFC8E81EDCB6A1A374917F38A4,LA,13,นครหลวง,E,,,,,
005056BFC8E81EDCB6A1A37491B138A4,LA,,,E,,,,,
005056BFC8E81EDCB6A1A3715B3398A4,LA,13,,E,,,,,
005056BFC8E81EDCB6A1A372FF4698A4,LA,12,,E,,,,,
005056BFC8E81EDCB6A1A36FBCB518A4,LA,,,E,,,,,
005056BFC8E81EDCB6A1A36FBCB0B8A4,LA,,,E,,,,,
005056BFAFAF1EDC95A10F673697375C,LA,15,,E,,,,,
005056BFC8E81EDCB6A1AA08163758A7,LA,13,นครหลวง,E,,,,,
005056BFC8E81EDCB6A1AA0815F258A7,LA,13,,E,,,,,
005056BFC8E81EDCB5D637F3187B988D,LA,12,,E,,,,,
005056BF63C01EDCB58AC2888E574D3B,LA,13,,E,,,,,
005056B829D81EDBB6CE98E53A9D1B8B,LA,12,,E,,,,,
005056BFC8E81EDCB6A1B060A82FF9B6,LA,13,,E,,,,,
005056BFC8E81EECB88435B4F8120505,LA,,,E,,,,,
005056BFC8E81EECB88435B4F7F6C505,LA,,,E,,,,,
005056BFC8E81EECB88435B4F7EFC505,LA,,,E,,,,,
005056BFAFAF1EDCA0BAE41300B418E1,LA,13,,E,,,,,
005056BFF94F1EECB9827DDE7E81C39B,LA,,,,,,,,Y
005056BFC8E81EDCB6A1B6DEA213B9BC,LA,13,,E,,,,,
005056BFC8E81EDCB6A1B6DAAEB079BC,LA,,,E,,,,,
005056BFC8E81EECB786CB6F2B611F32,LA,,,,,,,,Y
005056BFC8E81EDCB6A1BE65A81899BE,LA,,,E,,,,,
005056BFC8E81EDCB6A1BE64161659BE,LA,,,E,,,,,
005056BFC8E81EDCB6A1BE60D54299BE,LA,,,E,,,,,
005056BFC8E81EDCB6A1BE60D52339BE,LA,,,E,,,,,
005056B85CC51EEB82DFE7E7019C98CE,LA,13,,E,,,,,
005056BFC8E81EDCB6A1C4F58C25BAD3,LA,,,E,,,,,
005056BFC8E81EDCB6A1C4EF23D5FAD3,LA,,,E,,,,,
005056BFC8E81EECB786D04D3C999F34,LA,,,,,,,,Y
005056BFC8E81EECB4F1D9E921663990,LA,13,,E,,,,,
005056BFC8E81EECB786D04B22C1BF34,LA,,,,,,,,Y
005056BFC8E81EDCB6A1CB54D240DAE6,LA,,,E,,,,,
005056BFC8E81EDCB6A1CB4F8CE69AE6,LA,,,E,,,,,
005056BFC8E81EDCB6A1D1E764587AEA,LA,,,E,,,,,
005056BFC8E81EDCB6A1D1C7E3761AEA,LA,,,E,,,,,
005056BFC8E81EDCB6A1D8E4F443BAEE,LA,,,E,,,,,
005056B864471EEA92A574FB5E8ED0CF,LA,,,E,,,,,Y
005056BFC8E81EDCB786DE9DAF29604E,LA,,,,,,,,N
005056BFC8E81EDCB6A1E61B57993C08,LA,,,,,,,,Y
005056BFF94F1EECBC9481BD95B534B7,LA,,,,,,,,N
005056BFF94F1EECB98283129883A3BE,LA,,,,,,,,Y
005056BFC8E81EDCB786E882F2FEC055,LA,,,A,,,,,Y
005056BF63C01EDC8B85F11156F6018F,LA,,,,,,,,Y
005056B864471EDB8CC922B30EC0AE05,LA,,,E,,,,,
005056BFC8E81EDCB786F7A69C736153,LA,,,,,,,,Y
005056B864471EDA94CA90BF8E87EBC2,LA,,,E,,,,,
005056B85CC51EDAA5C484AAC1DD3330,LA,,,E,,,,,
005056BFC8E81EDCB7870535AEE16160,LA,,,,,,,,Y
005056BFF94F1EDCB7893BB1E812E36E,LA,,,,,,,,Y
005056BF63C01EDD82EDEFE45EFF0A65,LA,,,,,,,,Y
005056BFAFAF1EECBDAAA51A9AB9A0FB,LA,,,E,,,,,
005056BF63C01EDCBA8269456F6692DE,LA,,,,,,,,N
005056BFAFAF1EDCBEA8B45E329478A4,LA,,,E,,,,,
005056BFF94F1EDC98FF6DF569E0267E,LA,,,E,,,,,Y
005056BFC8E81EECAD9D9E0C4594A796,LA,,,E,,,,,Y
005056BFAFAF1EDCBEA8B45A4A93B8A4,LA,,,E,,,,,
005056BFC8E81EDCB79F6CD30CFDF4DC,LA,,,E,,,,,
005056BFC8E81EDCB79F86A703C9B5C0,LA,,,E,,,,,
005056BFC8E81EDCB79F8EC36C31F5C7,LA,,,E,,,,,
005056BFC8E81EDCB79F9529F5AD3692,LA,04,,E,,,,,
005056BFC8E81EDCB79F9529F59C7692,LA,04,,E,,,,,
005056BFC8E81EDCB79F952682D07692,LA,,,E,,,,,
005056BFC8E81EDCB79F9C16F06EF698,LA,,,E,,,,,
005056BFC8E81EDCB79F9C11FBE19698,LA,,,E,,,,,
005056BFC8E81EECB8845BA5975C86DB,LA,,,A,,,,,Y
005056BFC8E81EDCB79FA2CEA314D69E,LA,13,,E,,,,,
005056BFC8E81EDCB79FA2C7D303D69E,LA,,,E,,,,,
005056BFC8E81EDCB79FA2C97C64169E,LA,13,,E,,,,,
005056BFC8E81EECB7865A4CA23839AD,LA,13,,E,,,,,
005056B85CC51EDB92EDBEAE28659200,LA,13,,E,,,,,
0017A47705E81ED78BC012B0235EA0BF,LA,13,,E,,,,2017-05-04T03:39:33Z,
005056BFC8E81EDCB79FA9EC7262377A,LA,12,,E,,,,,
005056BFC8E81EDCB79FA9EC725BB77A,LA,13,,E,,,,,
005056BFF94F1EDCB9E686A7D297671D,LA,,,E,,,,,
005056B8A9EA1EDBA3C7BC8A8F981A5D,LA,04,,E,,,,,
005056BFC8E81EDCB79FC3CA76D4786F,LA,04,,E,,,,,
005056BFC8E81EDCB79FC3BD4E4D186F,LA,13,,E,,,,,
005056BFC8E81EDCB79FDD96B344F95B,LA,,,E,,,,,
005056BFC8E81EDCB79FFD2D9990DA50,LA,,,E,,,,,
005056BFC8E81EECB88435D07F2C6505,LA,,,E,,,,,
005056BFC8E81EECB88435CFE62CC505,LA,,,E,,,,,
005056BFC8E81EECB88435CFE6678505,LA,,,E,,,,,
005056BF63C01EDD82EDF66959A12B20,LA,,,,,,,,Y
005056BFC8E81EDCB7A0173CA47D3C1C,LA,,,,,,,,Y
005056BFC8E81EDCB7A0173CA44F1C1C,LA,,,2,,,,,Y
005056BFAFAF1EECB2AB6875D0AB1B39,LA,,,,,,,,N
005056B829D81EEBB9B17B4DDADB3679,LA,,,E,,,,,Y
005056BFAFAF1EDCB7A2566BB46EBADE,LA,,,,,,,,Y
005056BFC8E81EECB88456B587F6A6D9,LA,,,,,,,,N
005056BFAFAF1EDCBEA8BC05542DD8A6,LA,,,E,,,,,
005056BFC8E81EECB984B00889ACCBD7,LA,,,E,,,,,Y
005056BFC8E81EDCBFBFCFE9CC59C974,LA,,,,,,,,Y
005056BFC8E81EECB7D2108576A1322D,LA,,,E,,,,,Y
005056BFC8E81EDCB89D1F8DA4A30ADB,LA,,,E,,,,,
005056BFC8E81EDCB89D1F8DA47B2ADB,LA,,,E,,,,,
005056BFC8E81EDCB89D25A7B06DCADD,LA,,,E,,,,,
005056BFC8E81EDCB89D25A7B0526ADD,LA,13,,E,,,,,
005056BFC8E81EDCB89D25967E142ADD,LA,,,E,,,,,
005056BFC8E81EDCB89D25967E082ADD,LA,13,,E,,,,,
005056BFC8E81EDCB89D2BFDD1A64AE3,LA,,,E,,,,,
005056BFC8E81EDCB89D2BFC486A0AE3,LA,17,,E,,,,,
005056BFC8E81EDCB89D2BFABEE26AE3,LA,13,,E,,,,,
005056BFC8E81EDCB89D2BF930B3AAE3,LA,13,,E,,,,,
005056BFC8E81EDCB89D2BF7A5E96AE3,LA,12,,E,,,,,
005056BFC8E81EDCB89D3318EB10ABF3,LA,,,E,,,,,
005056BFC8E81EDCB89D3317821D6BF3,LA,13,,E,,,,,
005056BFC8E81EDCB89D33161B9EEBF3,LA,,,E,,,,,
005056BFC8E81EDCB89D3314A9338BF3,LA,13,นครหลวงเวียงจันทร์,E,,,,,
005056BFC8E81EDCB89D33132E3C2BF3,LA,13,,E,,,,,
005056BFF94F1EDCBBAFEC039EB69D2B,LA,,,,,,,,Y
005056BFC8E81EECB786607AD32859B0,LA,17,,E,,,,,
005056B829D81EDBB1A7F3F401B33681,LA,,,E,,,,,
005056BFC8E81EDCB89D394A529C6BF6,LA,13,,E,,,,,
005056BFC8E81EDCB89D394A52856BF6,LA,13,,E,,,,,
005056BFC8E81EDCB89D393C1EDEABF6,LA,,,E,,,,,
005056BFC8E81EDCB89D3FC0B411CBF9,LA,,,E,,,,,
005056BFC8E81EDCB89D3FC0B3FFEBF9,LA,04,,E,,,,,
005056BFC8E81EDCB89D3FBF3207ABF9,LA,13,,E,,,,,
005056BFC8E81EDCB89D3FBDB8832BF9,LA,13,,E,,,,,
005056BFC8E81EDCB89D3FBDB8754BF9,LA,,,E,,,,,
005056BFC8E81EDCB89D3FBDB83E0BF9,LA,13,,E,,,,,
005056BFC8E81EDCB89D465984E0CCAE,LA,13,,E,,,,,
005056BFC8E81EDCB89D4653445D8CAE,LA,13,,E,,,,,
005056BFC8E81EDCB89D4641B433CCA7,LA,,,E,,,,,
005056BFC8E81EDCB89D4D6A592F8D01,LA,12,แขวงสะหวันนะเขด,E,,,,,
005056BFC8E81EDCB89D4D6A5905CD01,LA,17,,E,,,,,
005056BFC8E81EDCB89D542CBBF8ED06,LA,13,,E,,,,,
005056BFC8E81EDCB89D5AD119716D08,LA,,,E,,,,,
005056BFC8E81EDCB89D621E4930AE15,LA,,,E,,,,,
005056BFC8E81EDCB89D621AEDC86E15,LA,,,E,,,,,
005056BFC8E81EDCB89D621AEDBBCE15,LA,,,E,,,,,
005056BFC8E81EDCB89D7FF6975A0F3B,LA,,,E,,,,,
005056BFC8E81EDCB89D870AFBF46F49,LA,,,E,,,,,
005056BFC8E81EDCB89D8707A8F56F49,LA,,,E,,,,,
005056BFC8E81EDCB89D8707A8AD8F49,LA,,,E,,,,,
005056BFC8E81EDCB89D8705FE320F49,LA,,,E,,,,,
005056BFC8E81EDCB89D8705FDDF6F49,LA,,,E,,,,,
005056BFC8E81EDCB89D8705FDC8AF49,LA,,,E,,,,,
005056BFC8E81EDCB89D870450F48F49,LA,,,E,,,,,
005056BFF94F1EDCB99A941CB2D6EFA3,LA,,,E,,,,,
005056BFC8E81EDCB89D8DD67E2BF063,LA,,,E,,,,,
005056BFC8E81EDCB89D8DD5A77C3063,LA,,,E,,,,,
005056BFC8E81EDCB89D8DD9410F7063,LA,,,E,,,,,
005056BFC8E81EDCB89D8DD449105063,LA,,,E,,,,,
005056BFC8E81EDCB89D9EC3BA98909B,LA,,,,,,,,Y
005056BFC8E81EDCB89D9EC18D09309B,LA,,,,,,,,N
005056BFF94F1EECBC94903F0B5455DB,LA,,,,,,,,Y
005056BFF94F1EDCB99AA32347C190C8,LA,,,E,,,,,
005056BFC8E81EDCB89DACCFC35B518B,LA,,,,,,,,Y
005056BFAFAF1EDCBEA8C4F0868B18AB,LA,,,E,,,,,
005056BFC8E81EDCB89DBB1F14C9F2B1,LA,,,,,,,,Y
005056BFC8E81EDCB89D8705FE208F49,LA,,,E,,,,,
005056BF63C01EDCB5BD784563E4C7BC,LA,,,,,,,,N
005056B8A9EA1EDA94B34AAF71D1ED2B,LA,,,E,,,,,Y
005056BFC8E81EDCB89DCD9F8B7373C8,LA,,,,,,,,Y
005056B829D81EDAA59246B4A2D7B3F9,LA,,,A,,,,,
005056BFC8E81EDCB89DD63CCDB693D8,LA,,,,,,,,Y
005056BFC8E81EDCB89DD63CCDB393D8,LA,,,,,,,,Y
005056BFC8E81EDCB89D8DDD4B93B064,LA,,,E,,,,,
005056BFC8E81EDCB89D9407D8517067,LA,,,E,,,,,
005056BFC8E81EDCB89D93ECFEE57067,LA,,,E,,,,,
005056BF63C01EECB8A019421FC864CE,LA,,,,,,,,Y
005056BF63C01EECB8A0193DEE4444CE,LA,,,,,,,,Y
005056BF63C01EDCA7AD8C8F993A7EAC,LA,,,E,,,,,N
005056BF63C01EECB8A0194001A9E4CE,LA,,,E,,,,,N
005056BFF94F1EECB8B5FFD826552B34,LA,,,E,,,,,
005056BFF94F1EECB8B5FFD8263D4B34,LA,,,E,,,,,
005056BFF94F1EECB8B5FFD82628AB34,LA,,,E,,,,,
005056BFF94F1EECB8B5FFD826258B34,LA,,,E,,,,,
005056BFF94F1EECB8B5FFD69ABD0B34,LA,,,E,,,,,
005056BFC8E81EDCBFBFD5439D62297A,LA,,,,,,,,Y
005056BFF94F1EDCB99AD9719138F311,LA,13,,E,,,,,
005056BFF94F1EDCB99AD9700072D311,LA,,,E,,,,,
005056BFF94F1EDCB99ADFDC03693438,LA,,,E,,,,,
005056BFF94F1EDCB99ADFCAC7D21434,LA,13,,E,,,,,
005056BFF94F1EDCB99AE67C3AB9743D,LA,04,,E,,,,,
005056BFF94F1EDCB99AE678FC2B743D,LA,13,,E,,,,,
005056BFF94F1EDCB99AED462A8D9441,LA,,,E,,,,,
005056BFF94F1EDCB99AED42E2929441,LA,,,E,,,,,
005056BFC8E81EDCBC96F92060A7C2EF,LA,,,,,,,,Y
005056BFF94F1EDCB99AF43C76E1747E,LA,01,,E,,,,,
005056BFF94F1EDCB99AF43ACC1E747E,LA,,,E,,,,,
005056BFF94F1EDCB99AF438E202147E,LA,,,E,,,,,
005056BFF94F1EDCB99AF42824E9F475,LA,,,E,,,,,
005056BFF94F1EDCB99AFB744EECB56F,LA,13,,E,,,,,
005056BFF94F1EDCB99B031FC9923572,LA,13,,E,,,,,
005056BFF94F1EDCBA985272368759C6,LA,,,E,,,,,
005056BFF94F1EDCBA985272362799C6,LA,,,E,,,,,
005056BFF94F1EDCBA98526EA78CD9C6,LA,,,E,,,,,
005056BFF94F1EDCB99B0B385AC4F5FE,LA,,,E,,,,,
005056BFF94F1EDCB99B0B385AC295FE,LA,,,E,,,,,
005056BFF94F1EDCB99B0B34E7BA75F5,LA,,,E,,,,,
005056BFF94F1EDCB99B12328FF6D69A,LA,,,E,,,,,
005056BFF94F1EDCB99B1995E85BB69C,LA,,,E,,,,,
005056BFF94F1EDCB99B1995E84F169C,LA,,,E,,,,,
005056BFF94F1EDCB99B1994478DB69C,LA,,,E,,,,,
005056BFF94F1EDCB99B1992AD46D69C,LA,,,E,,,,,
005056BFF94F1EDCB99B198C7199D69C,LA,,,E,,,,,
005056BFF94F1EDCB99B20E48287F6C6,LA,,,E,,,,,
005056BFF94F1EDCB99B20E4827E76C6,LA,,,E,,,,,
005056BFF94F1EDCB99B20E2DD61B6C6,LA,,,E,,,,,
005056BFF94F1EDCB99B20E2DD5D16C6,LA,,,E,,,,,
005056BFF94F1EDCB99B20E14237D6C6,LA,,,E,,,,,
005056BFF94F1EDCB99B20E1422F56C6,LA,,,E,,,,,
005056BFF94F1EDCB99B20DFB9EEB6C6,LA,,,E,,,,,
005056BFF94F1EDCB99B20DFB998D6C6,LA,,,E,,,,,
005056BFF94F1EDCB99B20DE168056C6,LA,,,E,,,,,
005056BFF94F1EDCB99B20DE161E36C6,LA,,,E,,,,,
005056BFF94F1EDCB99B20DE160D96C6,LA,,,E,,,,,
005056BFF94F1EDCB99B20DC78EDD6C6,LA,,,E,,,,,
005056BFF94F1EDCB99B20DC78A996C6,LA,,,E,,,,,
005056BFF94F1EDCB99B20DAE410B6C6,LA,,,E,,,,,
005056BFF94F1EDCB99B20DAE401B6C6,LA,,,E,,,,,
005056BFF94F1EDCBA98661D5E2579D3,LA,,,E,,,,,
005056B864471EEAA1950F56933B53FD,LA,,,E,,,,,
005056BFAFAF1EDC97B6544DFC03DC01,LA,,,E,,,,,Y
005056BFF94F1EDCB99B4B2BD24378F7,LA,,,,,,,,Y
005056BFF94F1EEC87DAE23C13E3413B,LA,,,E,,,,,Y
005056BFAFAF1EDCBEA8CCFD7E0819D4,LA,,,E,,,,,
005056BFF94F1EDCB99B20E2DD4C76C6,LA,,,E,,,,,
005056BFF94F1EDCA2D20FAA7CC1E645,LA,,,E,,,,,Y
005056BF63C01EECB99DCD19537D9CAA,LA,,,,,,,,N
005056BFAFAF1EDCBEA8CCDE873FD9D4,LA,,,E,,,,,
005056BFF94F1EEC9DA896A96D41F658,LA,,,E,,,,,N
005056BFF94F1EECAE9B11713FC108CF,LA,,,,,,,,N
005056BFAFAF1EECB291D08B2CAFF928,LA,,,E,,,,,
005056B829D81ED9B29A19747B95C8CA,LA,13,,E,,,,,
005056BFAFAF1EECB291E5DCD21B7A49,LA,,,E,,,,,
005056BFAFAF1EECB291ECBEA1A6FA53,LA,,,E,,,,,
005056BFAFAF1EECB291F3F1B66C3A57,LA,,,E,,,,,
005056BFAFAF1EDCBEA8939CAF839653,LA,,,E,,,,,
005056BF63C01EDCB3F3DBD901572F06,LA,,,E,,,,,
005056BF63C01EDCB3F3DBD710CD2F06,LA,,,E,,,,,
005056BF63C01EDCB3F3DBD7109D8F06,LA,,,E,,,,,
005056BFAFAF1EDCBEA8939CAF669653,LA,13,,E,,,,,
005056BFC8E81EDCBFBF895D1B81066E,LA,,,E,,,,,
005056BFAFAF1EECB292092096647B79,LA,,,E,,,,,
005056BFAFAF1EECB29217A964EFBC9C,LA,,,E,,,,,
005056BF63C01EECB5F04334918D6536,LA,,,,,,,,Y
005056BFAFAF1EDCBEA89399DC45F653,LA,,,E,,,,,
005056BFC8E81EDCBFBF89585299A66E,LA,,,E,,,,,
005056BFF94F1EDCB2F927F616C393FE,LA,,,,,,,,Y
005056BFF94F1EDCB98204BD73643DF0,LA,,,E,,,,,
005056BFF94F1EDCB98204BBFF893DF0,LA,,,E,,,,,
005056BFC8E81EDCBFBF89585244866E,LA,13,,E,,,,,
005056BFF94F1EDCB98204BBFF20BDF0,LA,,,E,,,,,
005056BFF94F1EDCB98204BA8848FDF0,LA,01,,E,,,,,
005056BFC8E81EDCBFBF8956DB3EE66E,LA,,,E,,,,,
005056BFAFAF1EECB292485ADD7F5EF7,LA,,,,,,,,Y
005056BFF94F1EDCB2F92CCE913DD402,LA,,,,,,,,Y
005056BFAFAF1EDCBEA893881F135653,LA,,,E,,,,,
005056BFAFAF1EECB2924D3AB0D1BEFA,LA,,,,,,,,Y
005056BFAFAF1EDCBEA893881F0A1653,LA,,,E,,,,,
005056BFC8E81EDCBFBF894AEA14266E,LA,,,E,,,,,
005056BFC8E81EDCBFBF894AEA0BC66E,LA,,,E,,,,,
005056BFAFAF1EECB2925204DD849EFD,LA,,,,,,,,Y
005056BF63C01EDCB3F3E351DA294F0B,LA,,,E,,,,,
005056BF63C01EDCB3F3E351D9F6EF0B,LA,,,E,,,,,
005056BFAFAF1EDBBD8CCDFC952B524E,LA,,,E,,,,,Y
005056BF63C01EDC90DFC43931C8FF6C,LA,,,E,,,,,Y
005056BF63C01EDCB3F3E34EAD54EF0B,LA,,,E,,,,,
005056BFAFAF1EDCB292606F6F9A401F,LA,,,,,,,,N
005056BFC8E81EDCBF8D41D8A47887F0,LA,13,นครหลวงเวียงจันทร์,E,,,,,
005056BFAFAF1EECBCC65631C36EBC18,LA,13,,E,,,,,
005056BFF94F1EECB2FC438BA3A93B34,LA,,,,,,,,Y
005056BFC8E81EEC85F8D9F0E2B869F4,LA,,,E,,,,,Y
005056BFF94F1EDCB9820B0B5AD5BDF2,LA,,,E,,,,,
005056BFF94F1EDCB9820B0B5ACF7DF2,LA,13,,E,,,,,
005056BFC8E81EDD80F0A21D88BCA863,LA,,,E,,,,,
005056BFF94F1EDCB9820B0A02A73DF2,LA,,,E,,,,,
005056BFF94F1EDCB9820B08A3C89DF2,LA,,,E,,,,,
005056BFC8E81EDD80F0A219AC250863,LA,,,E,,,,,
005056BFC8E81EDD80F0A217E12E0863,LA,,,E,,,,,
005056BFC8E81EDD80F0A217E0FAC863,LA,,,E,,,,,
005056BFC8E81EECB4F1A33342BE5771,LA,13,,E,,,,,
005056BFC8E81EECB4F1A331A01E3771,LA,,,E,,,,,
005056BFC8E81EECB4F1A3319FF7D771,LA,,,E,,,,,
005056BFC8E81EECB4F1A32DD838B771,LA,,,E,,,,,
005056BF63C01EDCB3F3F1D6C6D0D023,LA,,,E,,,,,
005056BFF94F1EEC96D1104408EF993D,LA,12,,E,,,,,
005056BFC8E81EDCBFBF8FE2BDC5A673,LA,,,E,,,,,
005056BFC8E81EDCBFBF8FE2BDAD8673,LA,,,E,,,,,
005056BF63C01EDCB3F3F9537244F029,LA,,,E,,,,,
005056BF63C01EDCB3F3F951A8C85029,LA,,,E,,,,,
005056BF63C01EDCA6AD8087F07B9A4C,LA,,,E,,,,,Y
005056BF63C01EDC99FD1B373786032C,LA,,,E,,,,,Y
005056BF63C01EDCB3F3F94AA1F4B029,LA,,,E,,,,,
005056BFC8E81EDC91F67F9D448E0234,LA,,,E,,,,,Y
005056BFC8E81EECB4F1AA5AD63BD778,LA,13,นครหลวง,E,,,,,
005056BFF94F1EDCABBD9BFEA07494EC,LA,,,E,,,,,Y
005056BFC8E81EECB4F1AA57C6789778,LA,13,,E,,,,,
005056BFC8E81EECB4F1AA40FAA2F778,LA,,,E,,,,,
005056BFC8E81EECB4F1AA40FA5D1778,LA,,,E,,,,,
005056BFC8E81EDCB6A22610F7E17F4A,LA,,,E,,,,,Y
005056BF63C01EECB4D89CFC5168A9D3,LA,13,นครหลวง,E,,,,,
005056BFC8E81EECABD3DD4A6E4E7A79,LA,12,,E,,,,,
005056BF63C01EDCB3F400F253035136,LA,,,E,,,,,
005056BF63C01EDCB3F400F09636F136,LA,,,E,,,,,
005056BFC8E81EECB4F1B162269AD876,LA,,,E,,,,,
005056BFC8E81EECB4F1B160ADE13876,LA,12,,E,,,,,
005056BFC8E81EECB4F1B154E2295876,LA,13,,E,,,,,
005056BFC8E81EECB4F1B154E21F5876,LA,12,,E,,,,,
005056BFF94F1EEC99E38BE727AB7C57,LA,04,,E,,,,,
005056BF63C01EECB38F8E269EAED071,LA,,,E,,,,,
005056BF63C01EECB38F8E269E5F5071,LA,13,,E,,,,,
005056BFC8E81EDCBFBF8FDDD9D64673,LA,13,นครหลวงเวียงจันทร์,E,,,,,
005056BF63C01EECB38F8E233A11D071,LA,04,,E,,,,,
005056BF63C01EECB38F8E2339BA7071,LA,,,E,,,,,
005056BF63C01EECB38F8E2339B87071,LA,,,E,,,,,
005056BF63C01EECB38F8E2339977071,LA,,,E,,,,,
005056BF63C01EDCB3F4086A52059139,LA,,,E,,,,,
005056BF63C01EDCB3F408685EE05139,LA,,,E,,,,,
005056BF63C01EDCB3F4086476089139,LA,,,E,,,,,
005056BF63C01EDCB3F408628466F139,LA,,,E,,,,,
005056BF63C01EDCB3F4084822F93139,LA,,,E,,,,,
005056BFC8E81EDCBFBF8FDDD9BA8673,LA,,,E,,,,,
005056BF63C01EECB38F9767394C7085,LA,13,,E,,,,,
005056BF63C01EECB38F976397949085,LA,,,E,,,,,
005056BF63C01EECB38F976397929085,LA,12,,E,,,,,
005056BFC8E81EECB4F1B8D15FD5187B,LA,13,,E,,,,,
005056BFC8E81EECB4F1B8D15FB0787B,LA,13,,E,,,,,
005056BFC8E81EECB4F1B8B7A4F1787B,LA,13,,E,,,,,
005056BF63C01EECB38F9FD2E173D168,LA,,,E,,,,,
005056BF63C01EECB38F9FD046A49168,LA,,,E,,,,,
005056BF63C01EECB38F9FCEF5C87168,LA,,,E,,,,,
005056BF63C01EECB38F9FBA6BC51168,LA,,,E,,,,,
005056BF63C01EECB38FA94652829176,LA,13,,E,,,,,
005056BF63C01EECB38FA94652567176,LA,13,,E,,,,,
005056BF63C01EECB38FA93045715176,LA,13,,E,,,,,
005056B829D81EEB86D6D775A0B17A22,LA,13,,E,,,,,
005056BF63C01EECB38FB284000C7260,LA,13,,E,,,,,
0017A47705F21ED6B5F68628AF90294F,LA,13,VTE CAPITAL,E,,,,2013-12-24T11:20:26Z,Y
005056BF63C01EECB38FB2825E0F5260,LA,13,,E,,,,,
005056BF63C01EECB38FB267D1DBB260,LA,13,แขวงเวียงจันทร์,E,,,,,
005056BFF94F1EDCB5F25AB53E331DF1,LA,,,,,,,,Y
005056BFC8E81EECB4F1C0B019415883,LA,,,E,,,,,
005056BFF94F1EDCB9821211C399BE01,LA,13,,E,,,,,
005056BF63C01EECB38FBC87454F726D,LA,,,E,,,,,
005056BF63C01EECB38FBC852F5DD26D,LA,13,,E,,,,,
005056BF63C01EECB38FBC743048526D,LA,,,E,,,,,
005056BF63C01EDCB3F42300B121B240,LA,,,E,,,,,
005056BFC8E81EECB4F1C0960C0CD883,LA,,,E,,,,,
005056BFC8E81EECB4F1C0960BF37883,LA,13,,E,,,,,
005056BF63C01EECB38FD05314BD735E,LA,,,E,,,,,
005056BF63C01EDCB3F4342E4C19334A,LA,,,,,,,,N
005056BF63C01EECB38FE62CD9DE144C,LA,,,E,,,,,
005056BFC8E81EECB4F1CAB2BDFE7983,LA,,,E,,,,,
005056BF63C01EECB38FEF0F81A75455,LA,,,E,,,,,
005056BF63C01EECB38FEEFEF48D5455,LA,,,E,,,,,
005056BFC8E81EECB4F1CAACD4573983,LA,,,E,,,,,
005056BF63C01EECB38FF752D58CF548,LA,,,E,,,,,
005056BF63C01EECB38FFFC7C712D54E,LA,,,E,,,,,
005056BF63C01EECB38FFFB17630754E,LA,,,E,,,,,
005056BF63C01EECB3900984726B5591,LA,,,E,,,,,
005056BFAFAF1EECBFA69B0E1E58BCE0,LA,13,นครหลวง,E,,,,,
005056BFF94F1EECB9FFF9F23C215BB1,LA,,,,,,,,Y
005056BF63C01EDCA7AD87C417F5FD9D,LA,,,,,,,,Y
005056B85CC51ED9B1B5804711CF1BFB,LA,12,,E,,,,,
005056B864471EEB84C304985A3D9F73,LA,,,E,,,,,
005056BFC8E81EECB4F1D2CFD514F98A,LA,13,นครหลวงเวียงจันทร์,E,,,,,
005056BFC8E81EDD80F0AA8542DB8865,LA,,,E,,,,,
005056BFF94F1EDC9DDA5CB8E9EDA24D,LA,12,,E,,,,,
005056BFC8E81EDC87C130CCF21B2C78,LA,12,,E,,,,,
005056BFF94F1EDCB982193201B1FF06,LA,,,E,,,,,
005056BF63C01EDCB3F451F9EA383465,LA,,,,,,,,Y
005056BFF94F1EDCB982192E879BFF06,LA,13,นครหลวง,E,,,,,
005056B85CC51EDABEB6D91290503F67,LA,,,E,,,,,
005056BFC8E81EDCBFBF966D89ECC675,LA,,,E,,,,,
005056BFC8E81EDCBFBF966D89E6E675,LA,13,,E,,,,,
005056BFF94F1EDCB392469C58590DD5,LA,,,,,,,,Y
005056BFF94F1EDCB3924B88AE40EDD5,LA,,,,,,,,Y
005056BFAFAF1EDCBEA899CEE8D8D656,LA,,,E,,,,,
005056BF63C01EDCB3F45837804D34D8,LA,,,,,,,,N
005056BFF94F1EDCB392507BE6566DD8,LA,,,,,,,,Y
005056BFAFAF1EDCBEA899CEE8A43656,LA,13,,E,,,,,
005056BF63C01EDCB3F458341742F4D8,LA,,,,,,,,Y
005056BFC8E81EECB4F1D9EDA1DC7990,LA,,,E,,,,,
005056B85CC51EEBA8D5E8878B5FA1FA,LA,,,E,,,,,Y
005056BF63C01EECB39564F06B791B65,LA,,,,,,,,Y
005056BFC8E81EECB4F1D9E78EE25990,LA,,,E,,,,,
005056BFC8E81EECB4F1D9E5F1B61990,LA,13,,E,,,,,
005056BFAFAF1EDC80864569375EE9D0,LA,,,2,,,,,Y
005056BFF94F1EEC98E5D8CB0EC2C767,LA,13,,E,,,,,
005056B864471ED9B3E32DB166D2AE8B,LA,,,E,,,,,
005056B8A9EA1EEAB0A46540789A8E35,LA,,,E,,,,,
005056BFAFAF1EDCB5F5750F3CB29E78,LA,,,,,,,,Y
005056BFF94F1EDCB982209DC0835F0A,LA,,,E,,,,,
005056BF63C01EDCB3F4820B797B7650,LA,,,,,,,,Y
005056BFF94F1EDCB9822098EF2F9F0A,LA,,,E,,,,,
005056BFF94F1EDCB982209693C9BF0A,LA,,,E,,,,,
005056B829D81EDAA7A6B7FA91D03AB4,LA,,,E,,,,,N
005056BFC8E81EECB4F1E95924E95A99,LA,13,,E,,,,,
005056BFC8E81EECB4F1E957823B3A99,LA,,,E,,,,,
005056BFC8E81EECB4F1E955F92C3A99,LA,13,,E,,,,,
005056BFC8E81EECB4F1E95308525A99,LA,,,E,,,,,
005056BFC8E81EECB4F254EC8F097FF0,LA,,,E,,,,,Y
005056BF63C01EECB48CD4D4337323CB,LA,,,E,,,,,
005056BF63C01EECB48CD4D282E9A3CB,LA,,,E,,,,,
005056BFC8E81EDCBFBF9D1E3596C6C7,LA,,,E,,,,,
005056BF63C01EDC8BB8449A0A92B641,LA,,,E,,,,,Y
005056BFC8E81EECB4F1F828F8F05BA7,LA,,,E,,,,,
005056BFC8E81EECB4F1F828F8BC5BA7,LA,,,E,,,,,
005056BFC8E81EDC98B67DE1DFE81062,LA,,,E,,,,,Y
005056BFC8E81EECB4F1F8254A685BA7,LA,,,E,,,,,
005056BFC8E81EECB4F1F82378087BA7,LA,,,E,,,,,
005056BFC8E81EDCBFBF9D1B174FE6C7,LA,,,E,,,,,
005056BFC8E81EDCBFBF9D1B174746C7,LA,,,E,,,,,
005056B829D81EEAB7DF9ED397322473,LA,,,E,,,,,Y
005056BF63C01EECB48D07835CA125C8,LA,,,E,,,,,
005056BF63C01EECB48D07835C9965C8,LA,,,E,,,,,
005056BFAFAF1EDC8C83CB031A58F5A8,LA,,,E,,,,,Y
005056BF63C01EECB48D0F9E97C006BE,LA,,,E,,,,,
005056BF63C01EECB48D0F9E978926BE,LA,,,E,,,,,
005056BF63C01EECB48D0F8D37BA86BE,LA,13,,E,,,,,
005056BFAFAF1EDBBD8CBB9911D7F14C,LA,,,E,,,,,Y
005056BF63C01EECB48D198C30FF06CA,LA,12,,E,,,,,
005056BF63C01EECB48D198C30E386CA,LA,,,E,,,,,
005056BF63C01EECB48D22A6DC000729,LA,,,E,,,,,
005056BF63C01EECB48D22A6DBEE2729,LA,13,,E,,,,,
005056BF63C01EECB48D22A1CF312729,LA,,,E,,,,,
005056BF63C01EECB48D22934D58C722,LA,12,,E,,,,,
005056BF63C01EECB48D2C4D56A827C6,LA,,,E,,,,,
005056BF63C01EECB48D2C4BA78F67C6,LA,13,,E,,,,,
005056BF63C01EECB48D2C4BA78C07C6,LA,13,,E,,,,,
005056BF63C01EECB2F67E59B49BF376,LA,13,,E,,,,,
005056B8A9EA1EDABD86E62C1FFBEBB7,LA,12,,E,,,,,
005056B829D81EDB96807B61089775C0,LA,07,,E,,,,,
005056BF63C01EECB48D34F65CDFC7CC,LA,13,,E,,,,,
005056BF63C01EECB48D34F4996E67CC,LA,13,,E,,,,,
005056BF63C01EECB48D34F268CCA7CC,LA,,,E,,,,,
005056BFC8E81EECB4F210A4BA443CB4,LA,,,E,,,,,
005056BF63C01EECB48D34F2687EE7CC,LA,,,E,,,,,
005056BF63C01EECB48D34F07374A7CC,LA,13,,E,,,,,
005056BF63C01EECB48D34EE40F227CC,LA,13,,E,,,,,
005056BF63C01EECB48D34EE40C187CC,LA,,,E,,,,,
005056BF63C01EECB48D34EE4098C7CC,LA,13,,E,,,,,
005056BF63C01EECB3C1E1F21CA7F288,LA,13,,E,,,,,
005056BF63C01EECB48D3F70D953C8C3,LA,,,E,,,,,
005056BF63C01EECB48D3F6D214A08C3,LA,13,นครหลวง,E,,,,,
005056BF63C01EECB48D3F6D210DC8C3,LA,13,นครหลวง,E,,,,,
005056BF63C01EECB48D3F6B59CC08C3,LA,13,,E,,,,,
005056BF63C01EECB48D3F6B596B88C3,LA,13,,E,,,,,
005056BF63C01EECB48D4880514428C8,LA,,,E,,,,,
005056BF63C01EECB48D53299E4729B5,LA,,,E,,,,,
005056B85CC51EEB9BF28B54338A962D,LA,,,E,,,,,
005056BF63C01EECB48D68436F694AA2,LA,,,E,,,,,
005056BF63C01EECB48D684116E58AA2,LA,,,E,,,,,
005056BF63C01EECB48D683ED17D2AA2,LA,,,E,,,,,
005056BF63C01EECB48D73ED9216EAA7,LA,,,E,,,,,
005056BFF94F1EECB982324E3438202E,LA,,,E,,,,,
005056BF63C01EECB48D953F252F6C9E,LA,,,E,,,,,
005056B864471EEA9088300897AEBD53,LA,,,E,,,,,
005056B8A9EA1EDBAC9B0C6C80D324A7,LA,,,,,,,,Y
005056BFF94F1EDCBAFDC87291684873,LA,,,,,,,,Y
005056BFAFAF1EDCBEA8A02A8942F77A,LA,13,,E,,,,,
005056BFC8E81EECB4F23998FBB6DEE0,LA,,,,,1999,1,,Y
005056BF63C01EECB48DEE1036FA90A3,LA,,,E,,1970,1,,Y
005056BF63C01EECB48DF3F91DB4D0AD,LA,,,,,1992,1,,Y
005056BF63C01EECB48DF3F91DB470AD,LA,,,,,2000,1,,Y
005056BF63C01EECB48DF3F30241D0AD,LA,,,,,1992,1,,Y
005056BFC8E81EECB4F23996A4A7FEE0,LA,,,,,1992,1,,Y
005056BFC8E81EDC91F663DFD35E4007,LA,,,E,,1991,1,,Y
005056BFF94F1EDCB49003B7329E2407,LA,,,,,1992,1,,Y
005056BFAFAF1EECBDF6BE4A5DDB5CCC,LA,,,2,,1990,1,,Y
005056BFF94F1EDCB49008A82C88240B,LA,,,,,1995,1,,Y
005056BFF94F1EDCB49008A55F11C40B,LA,,,,,1992,1,,Y
005056BFF94F1EDCB49008A55ECC040B,LA,,,,,1992,1,,Y
005056BFC8E81EDC81D0747075C0E601,LA,,,E,,1999,1,,Y
005056BFF94F1EDCB49008A38893C40B,LA,,,,,1996,1,,Y
005056BFF94F1EDCB49008A46F29E40B,LA,,,,,1901,1,,Y
005056BFF94F1EDCB490089F4F97040B,LA,,,,,1992,1,,Y
005056BF63C01EECA89060282385E0C5,LA,,,,,2003,1,,Y
005056BFF94F1EDCB4900D63AD87040D,LA,,,,,1992,1,,Y
005056BFF94F1EDCB4900D60CBC4840D,LA,,,,,1992,1,,Y
005056BFF94F1EDCB4901126AD722484,LA,,,,,1992,1,,Y
005056BF63C01EECB48DEE1036F150A3,LA,,,,,1992,1,,Y
005056BFAFAF1EECA186171C7D6DAB5F,LA,,,E,,1999,1,,Y
005056BFF94F1EDCBAFDC86F1655C873,LA,,,,,1992,1,,Y
005056BFF94F1EECBA8008BC00CEFBB8,LA,,,,,1992,1,,Y
005056BFC8E81EECB4F23EBF17275EE4,LA,,,,,1992,1,,Y
005056BFAFAF1EEC95D40584B78F296A,LA,,,E,,1991,1,,Y
005056BFF94F1EECB0E25B3F936F3EC0,LA,,,E,,1993,1,,Y
005056BFC8E81EDCB4932397AEF36506,LA,,,,,1992,1,,Y
005056BFC8E81EECB4F23EBAEED45EE4,LA,,,,,2000,1,,Y
005056BFAFAF1EEBBDA6129E62466CA4,LA,,,E,,1991,1,,Y
005056BFC8E81EECB4F243E437759EEA,LA,,,,,1990,1,,Y
005056BFC8E81EECB4F24A0DDFCD9EEE,LA,,,,,1992,1,,Y
005056BFC8E81EECB4F24A072634DEEE,LA,,,,,1994,1,,Y
005056BFC8E81EECB4F24FF76E277FEE,LA,,,,,1992,1,,Y
005056BFC8E81EECB4F24FF76E141FEE,LA,,,,,1992,1,,Y
005056BFF94F1EECB4DB78FAE8731D27,LA,,,,,1990,1,,Y
005056BFC8E81EECB4F25AA6A265BFF5,LA,,,,,1992,1,,Y
005056BFC8E81EECB4F25AA6A22FBFF5,LA,,,,,1991,1,,Y
005056BFC8E81EECB4F25AA38D22BFF5,LA,,,,,1992,1,,Y
005056BFC8E81EECB4F25AA05FBCFFF5,LA,,,,,1992,1,,Y
005056BFF94F1EECAE9ADB884FC18663,LA,,,,,1991,1,,Y
005056BFC8E81EECB4F25F8E14E3DFF8,LA,,,,,1992,1,,Y
005056BFF94F1EECBC9472ACAA66B4AD,LA,,,,,1991,1,,Y
005056BFC8E81EDCB4F2649994F440F8,LA,,,,,1992,1,,Y
005056BFF94F1EECB4F49A3694F86CC6,LA,,,,,1992,1,,Y
005056BFF94F1EECB4F49A34C80F6CC6,LA,,,,,1992,1,,Y
005056BFF94F1EECB4F49A31F6B84CC6,LA,,,,,1990,1,,Y
005056BFF94F1EECB4F49A3111656CC6,LA,,,,,1989,1,,Y
005056BFF94F1EECB4F49F914A8D4CCB,LA,,,,,1996,1,,Y
005056BFF94F1EECB4F49F8D9AF94CCB,LA,,,,,1996,1,,N
D1C28602FDCA1ED6B8AB19D1A009F611,LA,,,,,1975,1,2015-12-23T01:11:45Z,Y
005056BFC8E81EECB4C56C03D62B8182,LA,,,,,1992,1,,Y
005056BFF94F1EECB4F4A4E97C03EDA8,LA,,,,,1992,1,,Y
005056BFF94F1EECB4F4A4E639B58DA8,LA,,,,,1992,1,,Y
005056BFF94F1EDCB4F7B7D5CF2851D5,LA,,,,,1992,1,,Y
005056BFF94F1EDCB4F7B7D5CEBFB1D5,LA,,,,,1992,1,,Y
005056BFF94F1EDCB4F7B7D25C6DD1D5,LA,,,,,1992,1,,Y
005056BFF94F1EDCB4F7BD8065E5D1D7,LA,,,2,,1982,1,,Y
005056BFF94F1EECB4F49F914A2B0CCB,LA,,,,,2009,1,,Y
005056BF63C01EDCAB89BF1ABBA62E8A,LA,,,,,2001,1,,Y
005056BFF94F1EDC8CCF07F482A51BAC,LA,,,E,,1993,1,,Y
005056BFF94F1EECBC9472A86F8354AD,LA,,,,,1992,1,,Y
005056BF63C01EECB48DEE15D84510A3,LA,,,E,,2001,1,,Y
005056BF63C01EECB3C2439735E83821,LA,,,E,,1993,1,,Y
005056BF63C01EDCB3F487EB4D3D1749,LA,,,E,,1995,1,,Y
005056BFC8E81EDD80F0B8946642A8E4,LA,,,,,1992,1,,Y
005056BFF94F1EECB98243843D7F0147,LA,,,,,1992,1,,Y
005056B85CC51ED8BF913E9337409076,LA,,,E,,1988,1,2019-07-05T03:23:28Z,Y
005056B829D81EEBB79B0DD5F029C469,LA,,,E,,1991,1,,Y
005056B829D81EEBB5D21A8732F19E74,LA,,,E,,1991,1,,Y
005056BF63C01EDCB5BD877A979468CF,LA,,,E,,1990,1,,Y
005056B829D81EDBB3A41D81FC97D81D,LA,,,,,2000,1,,Y
005056BFF94F1EECB982438067918147,LA,,,,,1992,1,,Y
005056BFF94F1EECBA800D9B13A61C99,LA,,,,,1992,1,,Y
005056BF63C01EED82EB276DEFD4EF14,LA,,,,,1992,1,,Y
005056BFC8E81EDC8AECD7B307C837E9,LA,,,E,,2001,1,,Y
005056BF63C01EDCB58B0D10014A70E8,LA,,,,,1992,1,,Y
005056BF63C01EDCB58B0D0D0C47F0E8,LA,,,,,1992,1,,Y
005056BF63C01EDCB58B0D0B9DCC90E8,LA,,,,,1992,1,,Y
005056BF63C01EDCB58B0D09F9ADB0E8,LA,,,,,1992,1,,Y
005056BF63C01EDCB58B1339B692B0EC,LA,,,,,1992,1,,N
005056BF63C01EDCB58B189459D710EE,LA,,,,,1992,1,,Y
005056BF63C01EDCB58B189229A850EE,LA,,,,,1992,1,,Y
005056BF63C01EDCB58B1892298030EE,LA,,,,,1992,1,,Y
005056BF63C01EDCB58B188EB21EF0EE,LA,,,,,1992,1,,Y
005056BFC8E81EECACEACBB94EBBD591,LA,,,,,2001,1,,Y
005056BF63C01EDCB58B1DFE5FA811EF,LA,,,,,1992,1,,Y
005056B829D81EDBBC9107E88B4F7199,LA,,,E,,1994,1,,Y
005056B829D81EDBA5F692AF3E9A102C,LA,,,E,,1991,1,,Y
005056BFC8E81EDD80F0B890D0B328E4,LA,,,,,1989,1,,Y
005056BF63C01EDCB58B2DA9BCD111F7,LA,,,,,1988,1,,Y
005056BF63C01EDCB58B32EC921BF2B5,LA,,,,,1992,1,,Y
005056BF63C01EED82EB276A935DAF14,LA,,,,,1992,1,,Y
005056B864471EDBB89940DEA91A81D2,LA,,,E,,1987,1,,Y
0017A4770E061ED798E3B2C6518B20BF,LA,,,,,1987,1,,Y
005056BF63C01EDCB58B3D856C28B306,LA,,,,,1999,1,,Y
005056BF63C01EDCB58B3D845D9E3306,LA,,,,,1992,1,,Y
005056BF63C01EDCB58B42752A07F30B,LA,,,,,1990,1,,Y
005056B85CC51EEBB996E0159FCB1924,LA,,,E,,2000,1,,Y
005056BF63C01EED82EB27695A7EAF14,LA,,,,,1901,1,,Y
005056B8A9EA1ED995AAA17AD7BEA106,LA,,,,,1901,1,,N
005056BFF94F1EEC87DADC9F6A3AE137,LA,,,,,1981,1,,Y
005056BF63C01EDCB58B4C3302E69422,LA,,,,,2002,1,,N
005056BF63C01EDCB58B4C33F1A59422,LA,,,,,1992,1,,Y
005056BF63C01EDCB58B4C3101435422,LA,,,,,1992,1,,Y
005056BF63C01EDCB58B5128B8D69423,LA,,,,,2000,1,,Y
005056BF63C01EDCB58B5128B8B05423,LA,,,,,1999,1,,Y
005056BF63C01EDCB58B5620A29C1425,LA,,,,,1992,1,,Y
005056BF63C01EDCB58B561CC418F425,LA,,,,,1992,1,,Y
005056BF63C01EDCB58B5AE0CE08F42A,LA,,,,,1992,1,,Y
005056BFC8E81EDD80F0B88E4379C8E4,LA,,,,,1992,1,,Y
0017A4770E001ED6BFAC6DAC89FC20BD,LA,,,E,,1995,1,2017-02-25T13:03:37Z,Y
005056BFF94F1EDCB58DBC8D61855B83,LA,,,,,1992,1,,Y
005056BFF94F1EDCB58DBC8C797FBB83,LA,,,,,1992,1,,Y
005056BFF94F1EDCB58DC21B92007B85,LA,,,,,1994,1,,Y
005056BFF94F1EDCB58DC218C8C9DB85,LA,,,,,1997,1,,Y
005056B85CC51EDBA7F39013D85921EC,LA,,,E,,1991,1,,Y
0017A4770E0A1ED884EBFD7FC83720C3,LA,,,E,,1963,1,,Y
005056BFF94F1EDCB58DC6737C209BD2,LA,,,,,1992,1,,Y
005056BF63C01EED8894E7F294851548,LA,,,,,1992,1,,Y
005056BFF94F1EDCB58DC66D4F017BC9,LA,,,,,1992,1,,Y
005056BFF94F1EDCB4F7BD806627D1D7,LA,,,,,1999,1,,Y
005056BFF94F1EDCB58DC9D4316BDC9C,LA,,,,,1990,1,,Y
005056BFF94F1EECBC9477A3733754B0,LA,,,,,1992,1,,Y
005056BFC8E81EECB590DB45913F16A7,LA,,,,,1992,1,,Y
005056BF63C01EED8894E7F2945A3548,LA,,,,,1999,1,,Y
005056BF63C01EDCA284E9F2C2030DA9,LA,,,,,1990,1,,Y
005056BFC8E81EDCBFBFBE597105887C,LA,,,,,1992,1,,Y
005056BFF94F1EECBA801278FD77BCE2,LA,,,,,2000,1,,Y
005056BFC8E81EDCB6D44C4F40EA703D,LA,,,E,,1993,1,,Y
005056BFC8E81EDCB6D43D4567A2B036,LA,,,E,,1997,1,,Y
005056B864471EDAB7AD77C2F12A0D34,LA,,,E,,1993,1,,N
005056BFC8E81EED89A95A437A9AD882,LA,,,,,1992,1,,Y
005056BFF94F1EECB982504AE70EA15D,LA,,,,,1998,1,,Y
005056BFF94F1EECB982504856DBA15D,LA,,,,,1988,1,,Y
005056BFF94F1EECB9825045B22D615D,LA,,,,,1992,1,,Y
005056BFF94F1EECBC9477A030C954B0,LA,,,,,1992,1,,Y
005056BFF94F1EECBC94779F2515F4B0,LA,,,E,,2000,1,,Y
0017A47705E81ED788E4C06AFE2040BF,LA,,,E,,1987,1,2017-05-27T12:39:29Z,Y
005056BFF94F1EECB98255F8BC41A162,LA,,,,,1967,1,,Y
005056BFF94F1EECB98255F508332162,LA,,,,,1992,1,,Y
0017A47705E81ED6BE8980A22A8160BF,LA,,,,,1901,1,2017-02-18T11:39:39Z,Y
005056B8A9EA1EDBBBAB4F6F423C5B95,LA,,,,,1992,1,,N
005056BFF94F1EECB9825AE87954826B,LA,,,,,1992,1,,Y
005056BFF94F1EECB9825AE37EF5026B,LA,,,,,1974,1,,Y
005056BFF94F1EDCBFAC777DAAE17F82,LA,,,,,2006,1,,Y
005056BFF94F1EECB9825FABC386426D,LA,,,,,1992,1,,Y
005056BFF94F1EECB9825FA659ADA26D,LA,,,,,1992,1,,Y
005056BFF94F1EECB9825FA65946826D,LA,,,,,1992,1,,Y
005056BF63C01EDCB6893687C3CE9C00,LA,,,,,1992,1,,Y
005056BFF94F1EECB9825F9F88CD426D,LA,,,,,1992,1,,Y
005056BFC8E81EED86B0291D0B9FFB6F,LA,,,,,2003,1,,Y
005056BF63C01EDCB6893683B142BC00,LA,,,,,1986,1,,Y
D1C28602FDCA1ED6B8A9E87B0B5EF611,LA,,,,1,1996,1,2014-07-23T05:45:26Z,Y
005056BF63C01EDCB6893CBF4547DC05,LA,,,,,1990,1,,Y
005056B8A9EA1EDBAC9ABD390470231F,LA,,,,,1994,1,,Y
005056BF63C01EDCB68942FDDA5FBCE0,LA,,,,,1992,1,,Y
005056BF63C01EDCB689494E653E5CFE,LA,,,,,1992,1,,Y
005056BF63C01EDCB6894EB6C6A09D00,LA,,,,,1990,1,,Y
005056BF63C01EDCB68953FAE6D1FD03,LA,,,,,1992,1,,Y
005056BF63C01EDCB68953F9D43F3D03,LA,,,2,,2000,1,,Y
005056BF63C01EDCB68953F8CFA75D03,LA,,,,,1992,1,,Y
005056BF63C01EDCB68953F8CF7A9D03,LA,,,,,1992,1,,Y
005056BF63C01EDCB68953F0B0127D03,LA,,,,,1997,1,,Y
005056BF63C01EDCB689594152F63DD4,LA,,,,,1992,1,,Y
005056BF63C01EDCB6895E682310BDFD,LA,,,,,1989,1,,Y
005056BFF94F1EECBA8016AECD9ABCE5,LA,,,,,1949,1,,Y
005056BF63C01EECA1EABE4D39EF6269,LA,,,A,,1902,1,,Y
005056BF63C01EDCB6896E3C768FDE46,LA,,,,,1992,1,,Y
005056B864471EE899B6AC01F84EBDAF,LA,,,,,1988,1,,Y
005056BF63C01EDCB6896E3708791E46,LA,,,,,1992,1,,Y
005056BF63C01EDCB6896E3708575E46,LA,,,,,1997,1,,Y
005056BF63C01EDCB6896E3708471E46,LA,,,,,1992,1,,Y
005056BF63C01EDCB6896E3604CDBE46,LA,,,,,1992,1,,Y
0017A4770E061ED799AFA69799AAA0BF,LA,,,E,,1987,1,,Y
005056BF63C01EED8894E7E8B6A05548,LA,,,,,1992,1,,Y
005056BF63C01EECB4D938457019D1BD,LA,,,,,1994,1,,N
005056BF63C01EDCB68978CFF23CDF07,LA,,,,,1992,1,,Y
005056BF63C01EDCB68978CAC1779F07,LA,,,,,1992,1,,Y
005056BF63C01EECB3C2439735B53821,LA,,,E,,1975,1,,N
005056BFF94F1EECB982697F5011A27C,LA,,,,,1992,1,,Y
005056BFF94F1EDCB68B77873FBC7338,LA,,,,,1977,1,,Y
005056BFF94F1EECB982697E5AC7E27C,LA,,,,,1998,1,,Y
005056BFF94F1EDCB68B7780A7ECD338,LA,,,,,1992,1,,Y
005056BFF94F1EDCB68B81192BB13441,LA,,,,,1992,1,,Y
005056BFF94F1EDCB68B81158F165441,LA,,,,,1992,1,,Y
005056BFF94F1EECB9826979A232427C,LA,,,,,1992,1,,Y
005056BFF94F1EECB9826978A6BE427C,LA,,,,,2000,1,,Y
005056B85CC51EE987E33A414F6F8F37,LA,,,,1,2000,1,,Y
005056BFF94F1EECB68E98F4621F79C5,LA,,,,,1992,1,,Y
005056BFF94F1EECB68E9E71447CF9C7,LA,,,,,1992,1,,Y
005056BFF94F1EECB68E9E70143E79C7,LA,,,,,1992,1,,Y
005056BFF94F1EECB68E9E6EFEC8D9C7,LA,,,,,2000,1,,Y
005056BFC8E81EDD80F0BE748F8468E5,LA,,,,,1991,1,,Y
005056BFF94F1EECBC947CC2AB92B4B3,LA,,,,,1983,1,,Y
005056B8A9EA1EEBB69D18A515C48D09,LA,,,E,,1974,1,,Y
005056BFF94F1EECB98273605581E391,LA,,,,,1989,1,,Y
005056BF63C01EDCB0FB5B473C6B2B11,LA,,,E,,2000,1,,Y
005056BFF94F1EDCB4C2552CC786364A,LA,,,E,,2005,1,,Y
005056BFF94F1EDCA6DF8EC8344E68D9,LA,,,E,,1990,1,,Y
005056BFC8E81EECB4F23EC116FA9EE4,LA,,,E,,1948,1,,Y
005056BFC8E81EEC929076F9FB6035E9,LA,,,E,,1968,1,,Y
005056BFC8E81EDC898A8DBD5B40BEC4,LA,,,E,,1990,1,,Y
005056BFAFAF1EECB2AB4AEF6A01F8EA,LA,,,E,,1996,1,,Y
005056BFF94F1EECA7AB3532228E9A08,LA,,,E,,1980,1,,Y
005056BF63C01EDCB5A43441B3F16E69,LA,,,E,,2008,1,,Y
005056BFF94F1EECBC947CBB6DBCD4B3,LA,,,,,1990,1,,Y
005056BFF94F1EECB98278BE1E742394,LA,,,,,1990,1,,Y
005056BFF94F1EECB98278BE1E4CC394,LA,,,,,1990,1,,Y
005056BFF94F1EECB98278BE1E37E394,LA,,,,,1992,1,,Y
005056BFF94F1EECB98278BE1E20A394,LA,,,,,1989,1,,Y
005056BFF94F1EECB98278BAE58F8394,LA,,,,,1992,1,,Y
005056BFC8E81EECB786BF8854319E13,LA,,,,,1992,1,,Y
005056BFC8E81EECB786C666AA4B5F0D,LA,,,,,1992,1,,Y
005056BFF94F1EECB9827DDD5C38A39B,LA,,,,,1992,1,,Y
005056BFC8E81EECB786CB6E150F1F32,LA,,,,,1992,1,,Y
005056BFF94F1EECB9827DDC46CDC39B,LA,,,,,1983,1,,Y
005056BFC8E81EDCB6EDE192AAFB2A5F,LA,,,,,2001,1,,Y
005056BFC8E81EECB786D04D3C77DF34,LA,,,,,2003,1,,Y
005056BFC8E81EECB786D0480A661F34,LA,,,,,1990,1,,Y
005056BFC8E81EECB786D045A9E8FF34,LA,,,,,2000,1,,Y
005056BFC8E81EDD80F0BE70F13FA8E5,LA,,,,,1992,1,,Y
005056BFF94F1EECB9827DD7B42EC39B,LA,,,,,1992,1,,Y
005056BFC8E81EECB786D52D03C31F36,LA,,,,,1992,1,,Y
005056BFC8E81EECB786D52AEDF7FF36,LA,,,,,1992,1,,Y
005056BFC8E81EECB786D52AEDE59F36,LA,,,,,1992,1,,Y
005056BFC8E81EECB786D528B5CAFF36,LA,,,,,1992,1,,Y
005056BFC8E81EECB786D527B03B3F36,LA,,,,,1969,1,,Y
005056BFC8E81EECB786D527AFE13F36,LA,,,,,1930,1,,N
005056B8A9EA1EDBB18F0FD9E31387C5,LA,,,E,,1990,1,,Y
005056BFF94F1EDCAF9917A97EB7B4AF,LA,,,E,,1990,1,,Y
0017A4770E041ED7A88DFDCAAED780C1,LA,,,,,1987,1,,Y
005056BFC8E81EECB786D9FE88DF1F38,LA,,,,,1992,1,,Y
005056BFC8E81EECB786D9FE88C41F38,LA,,,,,1992,1,,Y
005056BFC8E81EECB786D9FD7C053F38,LA,,,,,1992,1,,Y
005056BFF94F1EEC86AA20D5AA237B73,LA,,,E,,2002,1,,
005056B864471EDBA4F84B32001FBF52,LA,,,,,1992,1,,Y
005056BFC8E81EDCB6A1E016E3C57C02,LA,,,,,1992,1,,Y
005056BFF94F1EDCB196EC1ECA06C031,LA,,,E,,1987,1,,Y
005056BFC8E81EDCB6A1E61EF4A4DC08,LA,,,,,1992,1,,N
005056BFC8E81EDCB6A1E613A9041C08,LA,,,,,1992,1,,N
005056BFC8E81EDCB6A1E613A8E23C08,LA,,,,,1992,1,,Y
D1C28602FDCA1ED6B8A9D07405B2B611,LA,,,,,1984,1,2014-04-29T06:15:44Z,Y
005056BF63C01EDC9EBF9F053E1472A6,LA,,,,,1990,1,,Y
005056BFC8E81EDCB6A1EB1D3A735C0A,LA,,,,,1992,1,,Y
005056BFC8E81EDCB6A1F0159FDBBC55,LA,,,,,2000,1,,Y
005056BFC8E81EDCB6A1F0132AA4DC55,LA,,,,,1992,1,,N
005056BFC8E81EDCB6A1F54CF6D63D14,LA,,,,,1992,1,,Y
005056BFC8E81EDCB6A1F54BC2E43D14,LA,,,,,1992,1,,Y
005056BFC8E81EDCB6A1FA472A8B5D16,LA,,,,,2001,1,,Y
005056BFC8E81EDCB6A1FA472A3B7D16,LA,,,,,1992,1,,Y
005056BFAFAF1EDCB1E0803488A1923F,LA,,,,,1999,1,,N
005056BF63C01EDC8B85F66629BE4193,LA,,,E,,1989,1,,Y
005056BFC8E81EDCB786E3868A23C052,LA,,,,,1992,1,,Y
005056BF63C01EDD82EDEFED3E32EA65,LA,,,,,1992,1,,Y
005056BFF94F1EECB9828313A17FE3BE,LA,,,,,1992,1,,N
005056BFC8E81EECBD94B5186C3F559A,LA,,,,,1989,1,,Y
005056BFC8E81EDCB6A2043443F0FD1B,LA,,,,,1992,1,,Y
005056BFC8E81EDCB6A204321C78FD1B,LA,,,,,1992,1,,Y
005056BFC8E81EDCB6A204321C649D1B,LA,,,,,1992,1,,Y
005056BFC8E81EDCB6A204321C123D1B,LA,,,,,1992,1,,Y
005056BFC8E81EDCB6A204310FA7DD1B,LA,,,,,1990,1,,Y
005056BFF94F1EECB68E9E71448739C7,LA,,,,,1996,1,,Y
005056BFC8E81EDCB786ED79BB2E8058,LA,,,,,1999,1,,Y
005056BFC8E81EDCB786F2877F28E0F7,LA,,,,,1992,1,,Y
005056BFC8E81EDCB786F286827A20F7,LA,,,,,1996,1,,Y
005056BFC8E81EDCB786F28584FCC0F7,LA,,,,,1992,1,,Y
005056BFC8E81EDCB786F7A4B6C5A153,LA,,,,,2003,1,,Y
005056BFC8E81EDCB786F7A4B6894153,LA,,,,,1992,1,,Y
005056BFC8E81EDCB786F7A2B9F0E153,LA,,,,,1992,1,,Y
005056BFF94F1EECBC9481BA90C914B7,LA,,,,,1992,1,,Y
005056BFC8E81EDCB78701744A9AE15A,LA,,,,,1992,1,,Y
005056BFC8E81EDCB78701735697415A,LA,,,,,1992,1,,Y
005056BF63C01EDCBA8264C72D47F2DC,LA,,,,,1990,1,,Y
005056B829D81ED984A0F678C4D4CDC2,LA,,,E,,1989,1,,Y
005056BFF94F1EDCB789374DB8B1236B,LA,,,,,1992,1,,Y
005056BFF94F1EDCB789374CA4E0836B,LA,,,,,1992,1,,Y
005056BFF94F1EDCB789374A7C28036B,LA,,,,,1992,1,,Y
005056BFF94F1EEC9CAA8120A63F9008,LA,,,,,1992,1,,Y
005056B8A9EA1EEBB9FB60A3C8CC823E,LA,,,,,1991,1,,Y
005056BFF94F1EDCB7893BB2F936436E,LA,,,,,1992,1,,Y
005056BFF94F1EDCB7893BB1E7ECE36E,LA,,,,,1994,1,,Y
005056BFF94F1EDCB7893BAFE8C2636E,LA,,,,,1992,1,,Y
005056BFF94F1EDCB7893BAFE87FE36E,LA,,,,,1992,1,,Y
005056BFF94F1EECBC9481B86FA7D4B7,LA,,,,,1992,1,,Y
005056B85CC51ED8A8DDAD28618B68FB,LA,,,E,1,1980,1,,Y
005056BF63C01EDCB78C556752704982,LA,,,,,1992,1,,Y
005056BFF94F1EECB982881538ADE4A9,LA,,,,,1999,1,,Y
005056BF63C01EDCB78C5D06A5EF6987,LA,,,,,1992,1,,Y
005056BFF94F1EDCAE87A596D01286F3,LA,,,,,1992,1,,Y
005056BFF94F1EECB98288135F51E4A9,LA,,,,,1990,1,,Y
005056BFF94F1EECB98288135F28E4A9,LA,,,,,1992,1,,Y
005056BFC8E81EECB88447A780BA05E7,LA,,,,,1992,1,,Y
005056BF63C01EDD82EDEFE45EE7AA65,LA,,,,,1992,1,,Y
005056BFF94F1EECBC9481B17E60F4B7,LA,,,,,1992,1,,Y
005056BF63C01EDCBA8269456F7512DE,LA,,,,,1992,1,,Y
005056BFF94F1EDC8DFF209EA58F8288,LA,,,E,,2000,1,,Y
D1C28602FDCA1ED6B8AA3783A120D611,LA,,,E,,1988,1,2015-02-09T03:51:59Z,Y
005056BFAFAF1EDC95BA896093D4120F,LA,,,E,,1986,1,,Y
005056BFC8E81EDCB7A01C263BEB9C57,LA,,,,,1954,1,,Y
005056BFC8E81EECB884518E2E4466D4,LA,,,,,1992,1,,Y
005056BFF94F1EDCB6D6E673A3CCBDE6,LA,,,E,,1990,1,,Y
005056BFC8E81EDCB6D47BC96513D2C5,LA,,,E,,1999,1,,Y
005056BFC8E81EDC92DAAF84E6EC93D8,LA,,,,,1998,1,,Y
005056BFF94F1EDCACB9AB53A64C9597,LA,,,E,,1999,1,,Y
005056BFC8E81EDCB6EDA0F8ED32480A,LA,,,E,,1986,1,,Y
005056B829D81EEBA18380430C827233,LA,,,,,2000,1,,Y
005056BFF94F1EDCBAFDDEDDC505E976,LA,,,2,,2001,1,,Y
005056BFF94F1EECA791E5CF3AD63CED,LA,,,E,,2000,1,,Y
005056BF63C01EDCBA826941869F12DE,LA,,,,,1992,1,,Y
005056BF63C01EDCA284FF6072456ED2,LA,,,E,,1996,1,,Y
005056BF63C01EEC8BD13F3A948EEFEC,LA,,,E,,1972,1,,Y
005056BF63C01EDCB5BD7841E9CEE7BC,LA,,,E,,1995,1,,Y
005056B85CC51EDB9FB84EE707AD7BEC,LA,,,E,,1991,1,,Y
005056B85CC51ED8B8A0BBAF29D6C95B,LA,,,E,,1988,1,,Y
0017A47705E81ED894AC71108A30E0C3,LA,,,E,,1998,1,,Y
005056BFF94F1EDC86DD3E933D2E0AC8,LA,,,E,,1966,1,,Y
005056B864471ED9B5DEA231DF53E998,LA,,,E,,1997,1,,N
005056BFC8E81EDCBFBFCA7698460907,LA,,,,,1992,1,,Y
005056BFF94F1EEC83FD7AF175F2D331,LA,,,E,,1984,1,,Y
005056BF63C01EECAABD8B6E14EAFDA6,LA,,,,,1991,1,,N
005056B85CC51EE8AE9E0B3C3656794E,LA,,,,,1988,1,,Y
005056BFF94F1EECB9828CC256D584AB,LA,,,,,1991,1,,Y
005056BF63C01EDCBA82693E92BB72DE,LA,,,,,1992,1,,Y
005056BFC8E81EECB88460D2217B86E0,LA,,,,,1987,1,,Y
005056BFC8E81EECB88460D0CB5786E0,LA,,,,,1994,1,,Y
005056BFF94F1EECB9CD9B7DF25B2AD5,LA,,,,,1996,1,,Y
005056BFAFAF1EEBBFBCF8FD008A3272,LA,,,E,,1994,1,,Y
005056BFC8E81EECB88465DADCEBC7D1,LA,,,,,1979,1,,Y
005056BF63C01EDD82EDF66F5018AB20,LA,,,,,1994,1,,Y
005056BFF94F1EDCBAFDDED8646FE976,LA,,,,,1967,1,,Y
005056B864471EE8AFCE180C50C482DB,LA,,,E,,1996,1,,Y
005056BFC8E81EECB8846FEC67D9A7D5,LA,,,,,1960,1,,Y
005056BFF94F1EDCBAFDDED36B400976,LA,,,2,,2000,1,,Y
005056BFC8E81EECB7EB3E1BC2436905,LA,,,,,1992,1,,Y
005056BFF94F1EECB98291438FDE04B0,LA,,,,,1992,1,,Y
005056BF63C01EED8894ED8216F1954F,LA,,,,,1992,1,,Y
005056BFF94F1EECB98291415E3984B0,LA,,,,,1978,1,,Y
0017A4770E001ED78FEAE1D367B320BD,LA,,,E,,1987,1,2017-05-19T13:19:36Z,Y
005056BFC8E81EECB8847F1E8F2C68CD,LA,,,,,1992,1,,Y
005056BFC8E81EECB8847F1D9CA368CD,LA,,,,,1997,1,,Y
005056BFC8E81EDCBFBFCA7149444907,LA,,,,,2003,1,,Y
005056BFC8E81EDCB7A0124A8FA0DB5C,LA,,,,,1985,1,,Y
005056BF63C01EED81F3623C5AB8EFD0,LA,,,,,1990,1,,Y
005056BFC8E81EDCB7A01247313C3B5C,LA,,,,,1999,1,,Y
005056BFC8E81EDCB7A01245F7E99B5C,LA,,,,,1994,1,,Y
005056BF63C01EED81F3623B37D44FD0,LA,,,,,1992,1,,Y
005056BFF94F1EECBC9486A09E3FF572,LA,,,,,1992,1,,Y
005056BFC8E81EDCB7A0173F41A77C1C,LA,,,2,,1994,1,,Y
005056BFC8E81EDCB7A0173E02DA3C1C,LA,,,,,1992,1,,Y
005056BFC8E81EDCB7A0173A0AC9BC1C,LA,,,,,1992,1,,Y
005056BF63C01EED81F3623B37A0EFD0,LA,,,,,1992,1,,Y
005056BFC8E81EDCB7A01C2A9D797C57,LA,,,,,1992,1,,Y
005056BFC8E81EDCB7A01C263BD3FC57,LA,,,,,1992,1,,Y
005056BF63C01EECB4D924676C72B0A1,LA,,,,,1992,1,,Y
005056B829D81EEBB3BD2700E2CDE7B6,LA,,,E,,2001,1,,
005056BFC8E81EDCB7A0210FCF349C5A,LA,,,,,1992,1,,Y
005056BFC8E81EDCB7A0261A8F49DC5B,LA,,,,,1992,1,,Y
005056BFC8E81EDCB7A026197C3FDC5B,LA,,,,,1992,1,,Y
005056BFC8E81EDCB7A0261866C7BC5B,LA,,,,,1992,1,,Y
005056BFC8E81EDCB7A026174CF7BC5B,LA,,,2,,1993,1,,Y
005056BFC8E81EDCB7A02616383ADC5B,LA,,,,,1999,1,,Y
005056BFC8E81EDCB7A02B2AC4C0BC5F,LA,,,,,1999,1,,N
005056BFC8E81EDCB7A02B1FB8DF1C5F,LA,,,,,1992,1,,Y
D1C28602FDCA1ED6B8AA3783A2443611,LA,,,E,,2000,1,2015-02-13T05:35:31Z,Y
005056BFC8E81EECA7DFDA7EF8B8E6A5,LA,,,,,2000,1,,Y