gcdm_customer_id,prd_id_origin,model,country,cat1,cat2,cat3,cat4,cat5,spec1,spec2,spec3,spec4,spec5,reg_date,reg_type,guid
005056BF63C01EECADEE7EAA75AC3C41,BDP,SM-T837T,MM,HHP,Tablet,Galaxy Tab S4,,,High,414,05,en-US,,2018-12-06,Product,
D1C28602FDCA1ED6BCA70363887F5611,BDP,SM-F711B,MM,HHP,Smart Phone,Galaxy Z Flip 3 5G,,,High,414,01,en-US,,2021-09-20,Product,
D1C28602FDCA1ED6B8A9D074032C7611,BDP,GT-I9082,MM,HHP,Smart Phone,Galaxy Grand,,,,414,1,en-US,,2014-04-06,Product,
005056B8A9EA1EE988AEE64D2AB70CC8,BDP,SM-J250F,MM,HHP,Smart Phone,Galaxy J2 (2018),,,Entry,414,05,th-TH,,2018-04-11,Product,
005056BFC8E81EDCA3E63C3D255B021C,BDP,SM-A225F,MM,HHP,Smart Phone,Galaxy A22,,,Entry,414,01,en-GB,,2022-02-12,Product,
005056BF63C01EED8892AE58237A6530,BDP,SM-A225F,MM,HHP,Smart Phone,Galaxy A22,,,Entry,414,06,en-US,,2022-01-08,Product,
005056BFF94F1EDCA7F739916D1E825C,BDP,SM-A022F,MM,HHP,Smart Phone,Galaxy A02,,,,414,05,en-GB,,2022-01-03,Product,
005056B8A9EA1ED992B0C0A1619B69D8,BDP,SM-F926B,MM,HHP,Smart Phone,Galaxy Z Fold 3 5G,,,,414,01,en-GB,,2021-09-21,Product,
0017A47705E41ED7AB874DA5287060C1,BDP,SM-T531,MM,HHP,Tablet,Galaxy Tab4 10.1,,,Mass,414,01,en-US,,2014-11-18,Product,
0017A47705F21EE68DF8FEAE2E475F31,BDP,GT-I9192,AU,HHP,Smart Phone,Galaxy S4 Mini,,,,546,1,en-AU,,2013-10-21,Product,
0017A47705F21ED5B889F1D949F23A63,BDP,SM-A710F,TH,HHP,Smart Phone,Galaxy A7 (2016),,,High,404,93,en-US,,2016-02-12,Product,
0017A47705E81ED7AF9987A13F19C0C3,BDP,SM-A510F,MM,HHP,Smart Phone,Galaxy A5 (2016),,,Mass,414,05,en-GB,,2017-06-09,Product,
005056BFF94F1EEC9BE1EB9D7D776219,BDP,SM-A525F,MM,HHP,Smart Phone, Galaxy A52,,,Mass,414,01,en-GB,,2021-09-08,Product,
D1C28602FDCA1ED6B8A9EECBC080B611,BDP,SM-A720F,MM,HHP,Smart Phone,Galaxy A7 (2017),,,High,414,06,en-ZG,,2017-01-26,Product,
D1C28602FDCA1ED6B8AB12F79745F611,BDP,SM-A800F,MM,HHP,Smart Phone,Galaxy A8 (2015),,,High,414,01,en-US,,2015-10-22,Product,
005056BFAFAF1EEBBF8825F7C29CB737,BDP,SM-J701F,MM,HHP,Smart Phone,Galaxy J7 Neo,,,High,414,09,my-ZG,,2018-08-24,Product,
0017A4770E001ED784D8F78192C140BD,BDP,SM-J530Y,MM,HHP,Smart Phone,Galaxy J5 (2017),,,Mass,414,00,en-GB,,2017-11-01,Product,
0017A47705F21ED59EECB9BD08B6BA63,BDP,SM-G7102,MY,HHP,Smart Phone,Galaxy Grand2,,,High,0,0,en-GB,,2014-04-02,Product,
005056B8A9EA1ED8A287BD651B5D3CF6,BDP,SM-G600FY,MM,HHP,Smart Phone,Galaxy On7 (2015),,,Mass,414,09,en-GB,,2016-10-28,Product,
005056BF63C01EDCB3F45838B2D434DF,BDP,SM-N986B,KH,HHP,Smart Phone,Galaxy Note 20 Ultra 5G,,,Flagship,456,01,en-US,,2020-11-18,Product,
BD343ACB77231ED5B6FB8CA66621108E,BDP,SM-A700FD,TH,HHP,Smart Phone,Galaxy A7 (2015),,,High,457,1,ko-KR,,2015-06-13,Product,
0017A47705E81ED788D5FF9C5A6760BF,BDP,SM-A022F,KH,HHP,Smart Phone,Galaxy A02,,,,456,00,km-KH,,2021-04-07,Product,
005056B829D81ED8B4DFB12212DDCC33,BDP,UA82NU8000,AU,TV,LED,PUHD,,,82,"75""↑",N(2018),SMART,FLAT,2019-02-04,Product,
0017A47705E41ED7ABEE0487E1F420C1,BDP,SM-J120H,LA,HHP,Smart Phone,Galaxy J1 (2016),,,Entry,457,03,en-ZG,,2016-10-28,Product,
D1C28602FDCA1ED6B8AA75A284119611,BDP,SM-A700H,MM,HHP,Smart Phone,Galaxy A7 (2015),,,High,414,06,en-ZG,,2015-05-26,Product,
0017A4770E0A1ED8838C0CCBE73B60C3,BDP,SM-J530Y,MM,HHP,Smart Phone,Galaxy J5 (2017),,,Mass,414,06,en-GB,,2017-09-19,Product,
0017A47705F21ED5B6EECB54DCCB1A63,BDP,GT-I9082,TH,HHP,Smart Phone,Galaxy Grand,,,,0,0,en-US,,2013-05-07,Product,
005056BFAFAF1EDCBBB265FD28493DE9,BDP,SM-A035F,MM,HHP,Smart Phone,Galaxy A03,,,,414,06,en-GB,,2022-06-15,Product,
D1C28602FDCA1ED6B8AA641412637611,BDP,SM-T705,MM,HHP,Tablet,Galaxy Tab S 8.4,,,Mass,414,01,en-US,,2014-10-17,Product,
005056B864471EDB87890E3BD79BD33B,BDP,SM-T875,KH,HHP,Tablet,Galaxy Tab S7,,,High,456,08,en-US,,2020-10-18,Product,
0017A47705F21ED5BCAA8275CE86BA63,BDP,SM-A800I,VN,HHP,Smart Phone,Galaxy A8 (2015),,,High,404,46,vi-VN,,2016-03-17,Product,
D1C28602FDCA1ED6B8A9AD83E9EC5611,BDP,GT-S7270,KH,HHP,Smart Phone,Galaxy Ace 3,,,High,456,06,en-GB,,2013-11-10,Product,
0017A4770E001ED785B3F8DAA93780BD,BDP,SM-A510F,KH,HHP,Smart Phone,Galaxy A5 (2016),,,Mass,456,06,en-GB,,2016-07-06,Product,
005056BFC8E81EECB4C56C03D62BE182,BDP,SM-M336B,MM,HHP,Smart Phone,Galaxy M33 5G,,,Mass,414,06,en-GB,,2022-05-12,Product,
D1C28602FDCA1ED6B8AA5A02B0825611,BDP,SM-G750H,MM,HHP,Smart Phone,Galaxy Mega2,,,High,414,5,en-PH,,2015-04-28,Product,
0017A47705F21ED5B8BD44F5E45F5A63,BDP,SM-A710F,TH,HHP,Smart Phone,Galaxy A7 (2016),,,High,425,1,th-TH,,2016-02-13,Product,
0017A4770E041ED79ED72774DEBE40C1,BDP,SM-J530Y,MM,HHP,Smart Phone,Galaxy J5 (2017),,,Mass,414,05,en-GB,,2017-08-05,Product,
0017A47705E81ED88EBB7D29D8F740C3,BDP,GT-P5200,MM,HHP,Tablet,Galaxy Tab 3 10.1,,,Mass,414,5,en-US,,2014-03-20,Product,
005056B8A9EA1ED8B5926A543DF842A2,BDP,SM-J120H,LA,HHP,Smart Phone,Galaxy J1 (2016),,,Entry,457,03,th-TH,,2017-04-17,Product,
005056BFF94F1EECB0973FF64C0C15D9,BDP,SM-A037F,KH,HHP,Smart Phone,Galaxy A03s,,,,456,01,en-US,,2022-03-29,Product,
005056B8A9EA1ED9BB85E9EB33612548,BDP,SM-J600G,MM,HHP,Smart Phone,Galaxy J6,,,Mass,414,05,en-GB,,2018-06-25,Product,
005056B864471EE8A1C00079883C0937,BDP,SM-A605G,MM,HHP,Smart Phone,Galaxy A6 Plus,,,Mass,414,05,en-GB,,2018-08-18,Product,
BD343ACB77231ED59F9A3A35CA0F908E,BDP,GT-I9082,ID,HHP,Smart Phone,Galaxy Grand,,,,0,0,in-ID,,2014-05-15,Product,
005056B85CC51EEBA298668708706C34,BDP,SM-A326B,KH,HHP,Smart Phone,Galaxy A32 5G,,,Mass,456,01,en-US,,2021-03-19,Product,
005056B85CC51EE8B4C2B307BB19E37A,BDP,SM-T116NU,MM,HHP,Tablet,Galaxy Tab3 Lite,,,Entry,414,06,en-GB,,2016-03-21,Product,
005056B829D81ED8B7BC60065AF058DA,BDP,SM-J400F,MM,HHP,Smart Phone,Galaxy J4,,,,414,05,en-GB,,2018-09-11,Product,
005056B829D81EE8B9B7B3542F9F3111,BDP,SM-J701F,MM,HHP,Smart Phone,Galaxy J7 Neo,,,High,414,06,en-GB,,2018-05-23,Product,
D1C28602FDCA1ED6B8A98AAC8FEE9611,BDP,GT-I9070,LA,HHP,Smart Phone,Galaxy S Advance,,,,457,3,th-TH,,2012-09-27,Product,
005056BFF94F1EDC80B8CBB820DDEEB1,BDP,SM-A025F,MM,HHP,Smart Phone,Galaxy A02s,,,,414,01,en-GB,,2021-01-17,Product,
005056B85CC51EE986834444E8AB3A26,BDP,SM-A920F,LA,HHP,Smart Phone,Galaxy A9 (2018),,,,457,01,th-TH,,2019-01-11,Product,
0017A4770E0A1ED7B1AFEC9766BCE0C3,BDP,SM-G9280,MM,HHP,Smart Phone,Galaxy S6 Edge Plus,,,Flagship,414,00,en-GB,,2015-11-12,Product,
005056BFF94F1EDCAF99042F3C4AB39D,BDP,SM-A127F,MM,HHP,Smart Phone,Galaxy A12 ,,,Entry,414,05,en-US,,2022-02-11,Product,
005056BFF94F1EDCB5A6DF46239D771E,BDP,SM-M127F,MM,HHP,Smart Phone,Galaxy M12,,,Entry,414,06,,,2022-05-09,Product,
005056B864471EEA92A25678EA28C373,BDP,SM-G928T,KH,HHP,Smart Phone,Galaxy S6 Edge Plus,,,Flagship,456,01,en-US,,2015-09-04,Product,
BD343ACB77231ED5B6FAAE90B12C908E,BDP,SM-A500F,TH,HHP,Smart Phone,Galaxy A5 (2015),,,Mass,457,3,,,2015-05-25,Product,
0017A47705F21ED59F82358B33A8FA63,BDP,GT-I8552,PH,HHP,Smart Phone,Galaxy Win,,,High,420,4,en-GB,,2014-04-10,Product,
005056B8A9EA1EE8B0E4A383244DDDF0,BDP,SM-A310F,LA,HHP,Smart Phone,Galaxy A3 (2016),,,Mass,457,03,th-TH,,2016-10-29,Product,
005056BF63C01EECB2C46BF51141123A,BDP,SM-P610,KH,HHP,Tablet,Galaxy Tab S6 Lite,,,High,456,00,th-TH,,2021-11-08,Product,
BD343ACB77231ED59F89B2AC8ECFD08E,BDP,GT-I9152,MY,HHP,Smart Phone,Galaxy Mega 5.8,,,,0,0,in-ID,,2014-01-25,Product,
BD343ACB77231ED59EAFB647C587708E,BDP,GT-S5360,VN,HHP,Smart Phone,Galaxy Y,,,Mass,456,6,,,2012-08-12,Product,
005056BFF94F1EDCACD2070DE5420277,BDP,SM-G977N,KH,HHP,Smart Phone,Galaxy S10 5G,,,Flagship,456,06,en-US,,2019-07-05,Product,
D1C28602FDCA1ED6B9C649B7B3DC9611,BDP,SM-G550T2,KH,HHP,Smart Phone,Galaxy On5 (2015),,,Mass,456,06,en-US,,2016-11-09,Product,
0017A4770E0A1ED794B451FCBC3620BE,BDP,SM-A510F,MM,HHP,Smart Phone,Galaxy A5 (2016),,,Mass,414,06,en-GB,,2016-03-16,Product,
BD343ACB77231ED59FA0DA9F261D308E,BDP,GT-S6802,ID,HHP,Smart Phone,ETC_Smart Phone,,,Mass,0,0,in-ID,,2013-05-13,Product,
BD343ACB77231ED59FA2B4A7AC62B08E,BDP,SM-E500F,MY,HHP,Smart Phone,Galaxy E5,,,Mass,410,6,en-US,,2015-03-12,Product,
005056B864471ED9A4A4517803A1915C,BDP,SM-P601,ID,HHP,Tablet,Galaxy Note 10.1 2014 Edition,,,High,0,0,,,2014-03-30,Product,
0017A4770E0A1ED886CA3054DD1700C3,BDP,SM-E500H,MM,HHP,Smart Phone,Galaxy E5,,,Mass,414,06,en-GB,,2015-04-29,Product,
BD343ACB77231ED5B6FFD9DE4799B08E,BDP,SM-E700F,TH,HHP,Smart Phone,Galaxy E7,,,High,414,1,th-TH,,2015-05-09,Product,
0017A47705F21ED59F87A4BD47619A63,BDP,GT-I9082,PH,HHP,Smart Phone,Galaxy Grand,,,,0,0,en-PH,,2013-07-28,Product,
0017A47705E81ED893DE82DBA09A40C3,BDP,SM-J701F,KH,HHP,Smart Phone,Galaxy J7 Neo,,,High,456,08,en-NZ,,2018-03-29,Product,
0017A47705F21ED5B6CAA64C680B7A63,BDP,GT-I8530,TW,HHP,Smart Phone,Galaxy Beam,,,High,310,260,zh-TW,,2012-12-12,Product,
D1C28602FDCA1ED6B8A95F245C28F611,BDP,SM-A320Y,KH,HHP,Smart Phone,Galaxy A3 (2017),,,Mass,456,06,en-US,,2017-04-11,Product,
BD343ACB77231ED59F92530865F3308E,BDP,GT-I9152,ID,HHP,Smart Phone,Galaxy Mega 5.8,,,,0,0,in-ID,,2014-01-03,Product,
0017A47705F21ED5B6BB15E001EA7A63,BDP,GT-S5302B,TW,HHP,Smart Phone,Galaxy Pocket,,,Mass,724,5,,,2013-01-16,Product,
005056B8A9EA1EEBB9FB57D8834C0228,BDP,SM-A326B,MM,HHP,Smart Phone,Galaxy A32 5G,,,Mass,414,09,en-US,,2021-07-01,Product,
005056B829D81EE89CE1F2628ABEEA51,BDP,SM-A315N,MM,HHP,Smart Phone,Galaxy A31,,,Mass,414,06,en-ZG,,2020-11-12,Product,
0017A47705E81ED7B9A2C520544C20C3,BDP,SM-J701F,MM,HHP,Smart Phone,Galaxy J7 Neo,,,High,414,05,my-ZG,,2017-12-16,Product,
005056B829D81EE8AAA6D1EEA93430A6,BDP,SM-J250F,MM,HHP,Smart Phone,Galaxy J2 (2018),,,Entry,414,01,en-ZG,,2018-03-18,Product,
005056B864471EDAA8B7D1C2701E2CAA,BDP,UA82NU8000,AU,TV,LED,PUHD,,,82,"75""↑",N(2018),SMART,FLAT,2021-11-20,Product,
D1C28602FDCA1ED6B8AAD93A6CE1D611,BDP,GT-N8000,MM,HHP,Tablet,Galaxy Note 10.1 (2012),,,High,414,5,en-US,,2013-02-22,Product,
005056B864471EE8BCB112DE529B224A,BDP,SM-A605G,MM,HHP,Smart Phone,Galaxy A6 Plus,,,Mass,414,06,en-GB,,2018-06-04,Product,
D1C28602FDCA1ED6B8A9D07403DE9611,BDP,SM-G998B,KH,HHP,Smart Phone,Galaxy S21 Ultra 5G,,,Flagship,456,06,en-US,,2021-04-11,Product,
BD343ACB77231ED59FAACC2A43EBD08E,BDP,GT-I9060I,ID,HHP,Smart Phone,Galaxy Grand Neo,,,,0,0,in-ID,,2015-06-09,Product,
0017A47705F21ED59F85A0A2DC1F5A63,BDP,SHW-M210S,PH,HHP,Smart Phone,ETC_Smart Phone,,,,450,05,,,2012-04-14,Product,
BD343ACB77231ED5A0C330B7EF67F08E,BDP,SM-G313HZ,MY,HHP,Smart Phone,Galaxy Ace 4 LTE,,,Mass,0,0,en-GB,,2015-07-05,Product,
005056B829D81EEBB3D695F4E021C54F,BDP,SM-A025F,MM,HHP,Smart Phone,Galaxy A02s,,,,414,06,en-US,,2021-06-16,Product,
005056BFC8E81EEC8693E8063133AE2F,BDP,SM-G988B,KH,HHP,Smart Phone,Galaxy S20 Ultra,,,Flagship,456,06,en-US,,2020-03-06,Product,
BD343ACB77231ED59F93BDD96B8DD08E,BDP,SCH-I759,ID,HHP,Smart Phone,ETC_Smart Phone,,,,0,0,,,2015-01-14,Product,
005056BFAFAF1EDCBCAE0A38A8B4DCDE,BDP,SM-N985F,KH,HHP,Smart Phone,Galaxy Note 20 Ultra,,,Flagship,456,01,en-US,,2020-12-14,Product,
005056B829D81EDBB2A5F187EE9A4B51,BDP,SM-P205,LA,HHP,Tablet,Galaxy Tab A 8 Plus (2019),,,Mass,457,03,th-TH,,2019-10-23,Product,
B6FD162E60C91EE68E881096C6BE8276,BDP,UA82MU7000,AU,TV,LED,PUHD,,,82,"75""↑",M(2017),SMART,FLAT,2019-04-23,Product,
005056BFF94F1EDCAF9917ABE63954AF,BDP,SM-G977N,KH,HHP,Smart Phone,Galaxy S10 5G,,,Flagship,456,01,en-GB,,2019-06-03,Product,
005056BFF94F1EDCAEFFF3A2DD928ED4,BDP,SM-A725F,KH,HHP,Smart Phone,Galaxy A72,,,High,456,01,en-US,,2021-06-21,Product,
D1C28602FDCA1ED6B8A9E87B0CE05611,BDP,GT-I9082,MM,HHP,Smart Phone,Galaxy Grand,,,,414,05,en-US,,2014-03-14,Product,
005056B85CC51EEBB8FDE3F7F05BA9B6,BDP,SM-A315G,MM,HHP,Smart Phone,Galaxy A31,,,Mass,414,01,en-US,,2020-08-17,Product,
0017A47705F21ED59EF6A8CE4B599A63,BDP,SM-G7102,PH,HHP,Smart Phone,Galaxy Grand2,,,High,412,20,,,2014-11-24,Product,
0017A47705E41ED7A8A813D711D980C1,BDP,SM-G928C,KH,HHP,Smart Phone,Galaxy S6 Edge Plus,,,Flagship,456,01,en-US,,2015-09-12,Product,
BD343ACB77231ED59FAB93C86749508E,BDP,SM-G313HZ,ID,HHP,Smart Phone,Galaxy Ace 4 LTE,,,Mass,0,0,in-ID,,2015-02-14,Product,
005056BFF94F1EEC8EB1709A31611C53,BDP,SM-J701F,KH,HHP,Smart Phone,Galaxy J7 Neo,,,High,456,01,km-KH,,2018-06-19,Product,
005056B8A9EA1EE8AFE75DDDE4895044,BDP,SM-J330G,MM,HHP,Smart Phone,Galaxy J3 (2017),,,Mass,414,09,en-ZG,,2017-09-28,Product,
005056BFAFAF1EDCBCADDA171FDCBACB,BDP,SM-A530F,LA,HHP,Smart Phone,Galaxy A8 (2018),,,Mass,457,08,th-TH,,2018-03-23,Product,
0017A4770E0A1ED88FEF82574E15C0C4,BDP,SM-N976N,KH,HHP,Smart Phone,Galaxy Note 10 Plus 5G,,,Flagship,456,06,en-US,,2019-08-31,Product,
005056BFF94F1EEC9BCBE241F4E9CDF4,BDP,SM-A127F,MM,HHP,Smart Phone,Galaxy A12 ,,,Entry,414,06,en-GB,,2022-01-05,Product,
0017A47705E81ED788A761929B4FA0BF,BDP,SM-P601,MM,HHP,Tablet,Galaxy Note 10.1 2014 Edition,,,High,414,06,en-GB,,2015-04-23,Product,
D1C28602FDCA1ED6B8AA3783A03B1611,BDP,SM-N750,MM,HHP,Smart Phone,Galaxy Note 3 Neo,,,Flagship,414,1,en-US,,2014-06-03,Product,
D1C28602FDCA1ED6B8A9537FDFC3D611,BDP,SM-T705,MM,HHP,Tablet,Galaxy Tab S 8.4,,,Mass,414,5,en-GB,,2015-07-05,Product,
005056BFC8E81EED81BB1463F919EB85,BDP,SM-A805N,KH,HHP,Smart Phone,Galaxy A80,,,High,456,08,km-KH,,2019-11-16,Product,
0017A47705F21ED59EE75ADA3AF8BA63,BDP,GT-S8600,VN,HHP,Smart Phone,ETC_Smart Phone,,,High,457,03,,,2012-02-09,Product,
D1C28602FDCA1ED6B8AA3783A3B83611,BDP,SM-T705,KH,HHP,Tablet,Galaxy Tab S 8.4,,,Mass,456,06,,,2015-02-19,Product,
005056BFAFAF1EEC9A98CE52D813107E,BDP,SM-G928K,MM,HHP,Smart Phone,Galaxy S6 Edge Plus,,,Flagship,414,01,en-GB,,2017-01-13,Product,
0017A4770E001ED6BFD3AA545A7A20BD,BDP,GT-I9000,MM,HHP,Smart Phone,Galaxy S,,,,414,1,,,2011-09-29,Product,
005056B8A9EA1ED89DDE45947FC42F00,BDP,SM-J701F,LA,HHP,Smart Phone,Galaxy J7 Neo,,,High,457,03,lo-LA,,2018-04-18,Product,
005056BFC8E81EEC8ABA94A973472C14,BDP,SM-A127F,MM,HHP,Smart Phone,Galaxy A12 ,,,Entry,414,01,en-US,,2021-09-27,Product,
0017A47705F21ED5B6D1D74286031A63,BDP,UA82NU8000,TH,TV,LED,PUHD,,,82,"75""↑",N(2018),SMART,FLAT,2019-09-08,Product,
D1C28602FDCA1ED6B8AA026230F1F611,BDP,GT-S7580,MM,HHP,Smart Phone,Galaxy Trend Plus,,,High,414,1,en-GB,,2014-01-30,Product,
0017A47705F21ED5B6DA73107E8AFA63,BDP,GT-I9082L,TH,HHP,Smart Phone,Galaxy Grand,,,,0,0,th-TH,,2013-10-22,Product,
D1C28602FDCA1ED6B9E08C84F6DF3611,BDP,SM-C101,MM,HHP,Smart Phone,Galaxy S4 zoom,,,Entry,414,01,en-US,,2014-02-22,Product,
0017A4770E0A1ED7B6D949223FE440C3,BDP,SM-A605G,MM,HHP,Smart Phone,Galaxy A6 Plus,,,Mass,414,06,en-US,,2018-08-20,Product,
005056B864471EEA94E3989159E1B56B,BDP,SM-N970F,KH,HHP,Smart Phone,Galaxy Note 10,,,Flagship,456,08,en-US,,2019-10-12,Product,
D1C28602FDCA1ED6BCC7C4185B82B611,BDP,GT-I9082,MM,HHP,Smart Phone,Galaxy Grand,,,,414,05,zh-CN,,2013-02-28,Product,
0017A47705F21EE68DF509261BD33F31,BDP,UA82MU7000,AU,TV,LED,PUHD,,,82,"75""↑",M(2017),SMART,FLAT,2018-07-04,Product,
005056B8A9EA1EE9AEBC3E0CD5A6E9B2,BDP,SM-A605G,MM,HHP,Smart Phone,Galaxy A6 Plus,,,Mass,414,01,en-GB,,2020-04-28,Product,
005056B85CC51EE8A6FC04341095B427,BDP,SM-G313HZ,LA,HHP,Smart Phone,Galaxy Ace 4 LTE,,,Mass,457,03,lo-LA,,2015-04-26,Product,
005056BF63C01EECA3B6A77F10E5F556,BDP,SM-M127F,MM,HHP,Smart Phone,Galaxy M12,,,Entry,414,06,,,2022-02-14,Product,
0017A47705F21ED59EF392C5F49DDA63,BDP,GT-N7000,MY,HHP,Smart Phone,Galaxy Note,,,High,0,0,in-ID,,2012-09-19,Product,
0017A47705E81ED78BB81AE2230860BF,BDP,SM-J530F,MM,HHP,Smart Phone,Galaxy J5 (2017),,,Mass,414,00,en-GB,,2018-10-07,Product,
D1C28602FDCA1ED6B8AA23676A8E3611,BDP,SM-A307GN,KH,HHP,Smart Phone,Galaxy A30s,,,Mass,456,06,en-GB,,2019-10-27,Product,
BD343ACB77231ED59E8FD92FAA88908E,BDP,GT-S7270,SG,HHP,Smart Phone,Galaxy Ace 3,,,High,310,260,en-NZ,,2014-05-26,Product,
D1C28602FDCA1ED6B8AA75A287571611,BDP,SM-G7102,LA,HHP,Smart Phone,Galaxy Grand2,,,High,457,01,,,2015-06-08,Product,
005056BFF94F1EEC8F95E0E974CEC4F1,BDP,SM-A525F,MM,HHP,Smart Phone, Galaxy A52,,,Mass,414,06,en-GB,,2021-10-30,Product,
D1C28602FDCA1ED6B8A98AAC9133D611,BDP,GT-N5100,MM,HHP,Tablet,Galaxy Note 8.0,,,Mass,414,5,,,2014-03-25,Product,
BD343ACB77231ED5B781BCD10555B08E,BDP,SM-G318HZ,TH,HHP,Smart Phone,Galaxy Ace4 Lite,,,Mass,414,6,my-MM,,2015-07-21,Product,
005056BFF94F1EEC81850610680CE311,BDP,SM-T285,KH,HHP,Tablet,Galaxy Tab A 7 (2016),,,Mass,456,01,en-US,,2016-09-04,Product,
005056B8A9EA1EDBA3C91D4951203E8B,BDP,SM-F900F,KH,HHP,Smart Phone,Galaxy Fold,,,,456,06,en-GB,,2020-02-03,Product,
BD343ACB77231ED59EBD7006E83A108E,BDP,GT-S5360,VN,HHP,Smart Phone,Galaxy Y,,,Mass,310,260,en-GB,,2013-01-04,Product,
005056BFC8E81EECAAF029C6B8DE8851,BDP,SM-A025F,LA,HHP,Smart Phone,Galaxy A02s,,,,457,00,th-TH,,2021-06-19,Product,
D1C28602FDCA1ED6B8A9D07403E59611,BDP,SM-G7102,KH,HHP,Smart Phone,Galaxy Grand2,,,High,456,01,,,2014-04-15,Product,
005056BF63C01EECB0C9FC29437BDED0,BDP,SM-A525F,KH,HHP,Smart Phone, Galaxy A52,,,Mass,456,01,en-US,,2021-04-29,Product,
BD343ACB77231ED5B6F3D4F6FF9F508E,BDP,SM-G355H,TH,HHP,Smart Phone,Galaxy Core2,,,Mass,414,5,th-TH,,2014-11-02,Product,
0017A47705E81ED78D98555DF541E0BF,BDP,SM-N985F,KH,HHP,Smart Phone,Galaxy Note 20 Ultra,,,Flagship,456,06,en-US,,2020-08-17,Product,
BD343ACB77231ED59FA18EB0EB5BD08E,BDP,SM-A510F,VN,HHP,Smart Phone,Galaxy A5 (2016),,,Mass,655,10,vi-VN,,2016-02-13,Product,
0017A47705F21ED59EE8A4F79C809A63,BDP,GT-I8552,MY,HHP,Smart Phone,Galaxy Win,,,High,420,3,en-GB,,2013-12-20,Product,
0017A47705F21ED5B8BB279E15793A63,BDP,SM-G9287,TW,HHP,Smart Phone,Galaxy S6 Edge Plus,,,Flagship,450,5,zh-TW,,2016-01-20,Product,
0017A47705F21ED6B8D2D0A915C4094F,BDP,SM-A500H,LA,HHP,Smart Phone,Galaxy A5 (2015),,,Mass,457,02,th-TH,,2015-08-20,Product,
D1C28602FDCA1ED6B8A97E147FC11611,BDP,GT-N7000,MM,HHP,Smart Phone,Galaxy Note,,,High,414,1,en-GB,,2012-11-08,Product,
005056B85CC51EE8A6FB5FF7F040F1F5,BDP,SM-A910F,LA,HHP,Smart Phone,Galaxy A9 Pro (2016),,,,457,02,th-TH,,2016-09-10,Product,
D1C28602FDCA1ED6B8AA113866655611,BDP,SM-N770F,KH,HHP,Smart Phone,Galaxy Note 10 Lite,,,Flagship,456,06,en-US,,2020-02-10,Product,
D1C28602FDCA1ED6B8A96509D1F77611,BDP,GT-I8160,KH,HHP,Smart Phone,Galaxy Ace 2,,,High,456,1,en-US,,2012-12-20,Product,
0017A4770E0A1ED88E8DBE3B67AAA0C4,BDP,SM-A7000,KH,HHP,Smart Phone,Galaxy A7 (2015),,,High,456,06,zh-CN,,2015-09-30,Product,
0017A47705EE1ED7989155C2164C20C0,BDP,SM-G7102,MM,HHP,Smart Phone,Galaxy Grand2,,,High,414,1,en-GB,,2014-05-24,Product,
0017A47705F21ED5BEC54B73C4133A63,BDP,SM-A710F,TH,HHP,Smart Phone,Galaxy A7 (2016),,,High,286,2,th-TH,,2016-03-30,Product,
D1C28602FDCA1ED6B8AAB880919C7611,BDP,SM-T231,KH,HHP,Tablet,Galaxy Tab4 7,,,Mass,456,6,en-US,,2014-07-13,Product,
005056BF63C01EDCBCE00DB186DA4FD0,BDP,SM-F926B,KH,HHP,Smart Phone,Galaxy Z Fold 3 5G,,,,456,06,en-US,,2021-09-22,Product,
D1C28602FDCA1ED6B8AB0B48A4583611,BDP,SM-E700H,MM,HHP,Smart Phone,Galaxy E7,,,High,414,6,en-GB,,2015-05-31,Product,
005056B85CC51EDBA4C68688481CF430,BDP,SM-P585Y,MM,HHP,Tablet,Galaxy Tab A 10.1 Plus (2016),,,Mass,414,05,en-GB,,2018-05-12,Product,
005056B85CC51EDBA3980DCE83BF9501,BDP,SM-G977N,KH,HHP,Smart Phone,Galaxy S10 5G,,,Flagship,456,08,en-US,,2020-03-27,Product,
0017A47705E81ED786E19DF779DBA0BF,BDP,SM-G9287C,MM,HHP,Smart Phone,Galaxy S6 Edge Plus,,,Flagship,414,05,en-ZG,,2015-11-16,Product,
0017A47705E41ED7AABF0D1AE9BBE0C1,BDP,SM-C900F,KH,HHP,Smart Phone,Galaxy C9 Pro,,,,456,06,en-US,,2017-05-01,Product,
005056BFF94F1EEC8BA4D8F738002F5C,BDP,GT-S7582L,KH,HHP,Smart Phone,Galaxy Trend Plus,,,High,456,06,en-GB,,2014-11-17,Product,
D1C28602FDCA1ED6B8AAFC7B45FC7611,BDP,SM-T116NU,MM,HHP,Tablet,Galaxy Tab3 Lite,,,Entry,414,5,en-US,,2015-11-05,Product,
005056B85CC51EE993956B09B1AA143A,BDP,SM-G977N,KH,HHP,Smart Phone,Galaxy S10 5G,,,Flagship,456,08,km-KH,,2019-06-24,Product,
D1C28602FDCA1ED6B8A9E87B0CA09611,BDP,GT-S7270,LA,HHP,Smart Phone,Galaxy Ace 3,,,High,457,1,th-TH,,2013-10-16,Product,
0017A4770E0A1ED886AE7FA6B9E1A0C3,BDP,SM-A700FD,MM,HHP,Smart Phone,Galaxy A7 (2015),,,High,414,06,en-US,,2016-01-16,Product,
005056B829D81EE89CE30069543B0EBF,BDP,SM-A600AZ,PH,HHP,Smart Phone,Galaxy A6,,,Mass,310,15,,,2019-01-15,Product,
0017A47705E81ED7BADD733A6B8340C3,BDP,SM-J530Y,MM,HHP,Smart Phone,Galaxy J5 (2017),,,Mass,414,01,en-GB,,2017-12-12,Product,
D1C28602FDCA1ED6B8AA9691A687B611,BDP,SM-A500H,MM,HHP,Smart Phone,Galaxy A5 (2015),,,Mass,414,06,en-GB,,2015-03-20,Product,
005056BFF94F1EECB1C6EC4E45A68965,BDP,SM-N985F,KH,HHP,Smart Phone,Galaxy Note 20 Ultra,,,Flagship,456,01,en-US,,2020-09-08,Product,
BD343ACB77231ED59ECFA6A3231BF08E,BDP,GT-I8190,PH,HHP,Smart Phone,Galaxy S3 Mini,,,High,420,3,en-PH,,2013-08-14,Product,
005056B85CC51EDB8A9B7684B9377036,BDP,SM-F926B,KH,HHP,Smart Phone,Galaxy Z Fold 3 5G,,,,456,01,en-US,,2021-11-18,Product,
0017A47705EE1ED796D93749362EE0C0,BDP,SM-A710F,KH,HHP,Smart Phone,Galaxy A7 (2016),,,High,456,01,en-US,,2017-06-21,Product,
D1C28602FDCA1ED6B8AA4041587DB611,BDP,SM-A800I,MM,HHP,Smart Phone,Galaxy A8 (2015),,,High,414,00,en-ZG,,2016-02-09,Product,
0017A47705E81ED893ABFED932EAE0C3,BDP,SM-A307GN,MM,HHP,Smart Phone,Galaxy A30s,,,Mass,414,05,en-GB,,2020-03-26,Product,
BD343ACB77231ED59FA67A60FA74F08E,BDP,SM-G355H,ID,HHP,Smart Phone,Galaxy Core2,,,Mass,0,0,en-GB,,2015-05-12,Product,
005056BFF94F1EDC878F21761923A6D0,BDP,SM-A730F,MM,HHP,Smart Phone,Galaxy A8 Plus (2018),,,High,414,06,en-US,,2018-09-15,Product,
005056B829D81EE8AAA7458CDBDA72BA,BDP,SM-J810Y,MM,HHP,Smart Phone,Galaxy J8,,,High,414,05,en-US,,2018-08-26,Product,
005056B8A9EA1ED89EA9B811AB114CCA,BDP,SM-A605G,MM,HHP,Smart Phone,Galaxy A6 Plus,,,Mass,414,01,en-GB,,2018-06-25,Product,
D1C28602FDCA1ED6B8AA02622FC67611,BDP,GT-N7000,KH,HHP,Smart Phone,Galaxy Note,,,High,456,00,,,2014-10-22,Product,
BD343ACB77231ED59F8EB04CFD36F08E,BDP,GT-S8600,PH,HHP,Smart Phone,ETC_Smart Phone,,,High,0,0,,,2013-07-10,Product,
005056BF63C01EDCB58B2DAE33DD11F7,BDP,SM-A025F,MM,HHP,Smart Phone,Galaxy A02s,,,,414,09,my-MM,,2021-08-31,Product,
BD343ACB77231ED59EBFCCF15546508E,BDP,GT-S5300,PH,HHP,Smart Phone,Galaxy Pocket,,,Mass,455,0,en-US,,2013-02-15,Product,
005056BFC8E81EDC8AA17DD1B49B29C3,BDP,SM-A525F,KH,HHP,Smart Phone, Galaxy A52,,,Mass,456,06,en-US,,2021-04-27,Product,
005056BF63C01EDCA9D8C8D56B071AD4,BDP,SM-G977N,MM,HHP,Smart Phone,Galaxy S10 5G,,,Flagship,414,01,en-US,,2019-07-12,Product,
0017A47705E81ED7B9CF6B243522A0C3,BDP,GT-S7562,MM,HHP,Smart Phone,Galaxy S Duos,,,High,414,01,th-TH,,2013-10-18,Product,
0017A47705F21ED5B8BD44F5E5FA1A63,BDP,SM-A710F,TH,HHP,Smart Phone,Galaxy A7 (2016),,,High,460,1,zh-CN,,2016-02-12,Product,
005056BFC8E81EECB984A669F8C94BC8,BDP,SM-A528B,MM,HHP,Smart Phone,Galaxy A52s 5G,,,Mass,414,01,en-GB,,2021-10-22,Product,
005056B85CC51EEBB8E4632BFDB52BA7,BDP,SM-A525F,MM,HHP,Smart Phone, Galaxy A52,,,Mass,414,01,en-GB,,2021-06-23,Product,
D1C28602FDCA1ED6B8A9E87B0E1CB611,BDP,SM-G928T,LA,HHP,Smart Phone,Galaxy S6 Edge Plus,,,Flagship,457,03,en-US,,2015-11-06,Product,
0017A47705F21EE68DFB0C49AAB81F31,BDP,SM-T705Y,AU,HHP,Tablet,Galaxy Tab S 8.4,,,Mass,456,6,en-AU,,2015-03-10,Product,
D1C28602FDCA1ED6B8A9777C6FDFF611,BDP,SM-G928C,KH,HHP,Smart Phone,Galaxy S6 Edge Plus,,,Flagship,456,00,en-US,,2017-02-26,Product,
005056BFF94F1EECAEE72E1D8EF4C194,BDP,SM-A127F,MM,HHP,Smart Phone,Galaxy A12 ,,,Entry,414,00,en-US,,2021-08-20,Product,
D1C28602FDCA1ED6B8AA75A28432B611,BDP,SM-J120H,KH,HHP,Smart Phone,Galaxy J1 (2016),,,Entry,456,06,en-US,,2016-10-21,Product,
005056B829D81EEBBBC9721499A3B2DE,BDP,SM-A013G,LA,HHP,Smart Phone,Galaxy A01 Core,,,,457,03,th-TH,,2020-12-31,Product,
BD343ACB77231ED59ECC0A85197AF08E,BDP,GT-I8160P,ID,HHP,Smart Phone,Galaxy Ace 2,,,High,310,260,en-US,,2013-06-12,Product,
0017A4770E041ED7A3FDC6E81C3FC0C1,BDP,SM-J530Y,MM,HHP,Smart Phone,Galaxy J5 (2017),,,Mass,414,01,en-ZG,,2017-09-02,Product,
D1C28602FDCA1ED6B8AAC38E69D0B611,BDP,SM-A500H,MM,HHP,Smart Phone,Galaxy A5 (2015),,,Mass,414,06,en-US,,2015-04-04,Product,
0017A47705EE1ED79BFA1C02E84620C0,BDP,SM-J120H,MM,HHP,Smart Phone,Galaxy J1 (2016),,,Entry,414,05,en-US,,2016-09-09,Product,
005056BFC8E81EECB7D2108471AF322D,BDP,SM-G988N,KH,HHP,Smart Phone,Galaxy S20 Ultra,,,Flagship,456,08,km-KH,,2020-09-14,Product,
005056B85CC51EE9B6AA1F85CA91363D,BDP,SM-A920F,MM,HHP,Smart Phone,Galaxy A9 (2018),,,,414,05,my-MM,,2018-12-01,Product,
BD343ACB77231ED5B78A6A6B7DE6D08E,BDP,GT-S8500,TW,HHP,Smart Phone,Galaxy A3 (2017),,,High,454,00,,,2010-09-19,Product,
005056BFF94F1EDC86916C3A53DFFD68,BDP,SM-A127F,MM,HHP,Smart Phone,Galaxy A12 ,,,Entry,414,00,en-GB,,2021-09-18,Product,
BD343ACB77231ED59FABBA6C3DBED08E,BDP,GT-I9060I,ID,HHP,Smart Phone,Galaxy Grand Neo,,,,0,0,in-ID,,2015-07-25,Product,
0017A47705E41ED7A4AFE040A8EE20C1,BDP,SM-C900F,MM,HHP,Smart Phone,Galaxy C9 Pro,,,,414,05,en-ZG,,2017-08-08,Product,
B6FD162E60C91EE6A2BC983E8DADC276,BDP,GT-S7500T,AU,HHP,Smart Phone,Galaxy Ace Plus,,,High,648,4,en-AU,,2013-01-01,Product,
BD343ACB77231ED59F9FF0323E33B08E,BDP,SM-G313HZ,ID,HHP,Smart Phone,Galaxy Ace 4 LTE,,,Mass,0,0,in-ID,,2015-01-24,Product,
0017A4770E0A1ED88EA5E1AD389DE0C4,BDP,SM-N976N,KH,HHP,Smart Phone,Galaxy Note 10 Plus 5G,,,Flagship,456,06,km-KH,,2019-08-27,Product,
B6FD162E60C91EE68CF68DEE8D75C276,BDP,GT-I8190N,NZ,HHP,Smart Phone,Galaxy S3 Mini,,,High,262,3,de-DE,,2013-11-19,Product,
005056BFF94F1EEC83CAABC1CC027888,BDP,SM-A720F,MM,HHP,Smart Phone,Galaxy A7 (2017),,,High,414,00,en-US,,2017-05-02,Product,
005056BFAFAF1EED859967F068910F6F,BDP,SM-A013G,LA,HHP,Smart Phone,Galaxy A01 Core,,,,457,03,lo-LA,,2020-11-02,Product,
005056BFAFAF1EECBDAB3D3F667567CD,BDP,SM-A035F,LA,HHP,Smart Phone,Galaxy A03,,,,457,01,th-TH,,2022-06-11,Product,
BD343ACB77231ED59FA5693F4C10D08E,BDP,SM-G313HZ,ID,HHP,Smart Phone,Galaxy Ace 4 LTE,,,Mass,0,0,in-ID,,2015-03-04,Product,
D1C28602FDCA1ED6B8AA23676A8FF611,BDP,SM-T875,KH,HHP,Tablet,Galaxy Tab S7,,,High,456,00,en-US,,2020-09-08,Product,
0017A4770E061ED798FE0015A506E0BF,BDP,SM-F900F,KH,HHP,Smart Phone,Galaxy Fold,,,,456,00,fr-FR,,2019-12-16,Product,
005056B829D81ED98FD1359739511D06,BDP,SM-J701F,MM,HHP,Smart Phone,Galaxy J7 Neo,,,High,414,01,en-GB,,2018-03-09,Product,
005056B85CC51ED985ED691E8D411AD9,BDP,SM-A700H,MM,HHP,Smart Phone,Galaxy A7 (2015),,,High,414,06,en-GB,,2015-03-07,Product,
0017A47705EE1ED79CDEC1ABF0FE40C0,BDP,SM-J701F,MM,HHP,Smart Phone,Galaxy J7 Neo,,,High,414,01,en-ZG,,2018-04-28,Product,
005056BFAFAF1EDBBDF136DA31F7E225,BDP,SM-G998N,KH,HHP,Smart Phone,Galaxy S21 Ultra 5G,,,Flagship,456,06,en-US,,2021-01-14,Product,
D1C28602FDCA1ED6B8A95F2459243611,BDP,SM-A700FD,KH,HHP,Smart Phone,Galaxy A7 (2015),,,High,456,01,km-KH,,2015-04-26,Product,
0017A47705EE1ED794D5DEC9113F00C0,BDP,SM-N935F,MM,HHP,Smart Phone,Galaxy Note FE,,,Flagship,414,01,en-GB,,2017-11-14,Product,
D1C28602FDCA1ED6B8AAC9D393111611,BDP,SM-F700N,KH,HHP,Smart Phone,Galaxy Z Flip,,,High,456,00,km-KH,,2020-02-18,Product,
0017A4770E001ED784D4AD5FA0A140BD,BDP,SM-A710F,KH,HHP,Smart Phone,Galaxy A7 (2016),,,High,456,00,en-GB,,2016-06-07,Product,
BD343ACB77231ED59E8D2D8090FD508E,BDP,GT-S7562,SG,HHP,Smart Phone,Galaxy S Duos,,,High,413,2,zh-CN,,2012-10-17,Product,
0017A4770E001ED781AA9759CA1200BD,BDP,SM-T285,MM,HHP,Tablet,Galaxy Tab A 7 (2016),,,Mass,414,01,my-MM,,2016-07-26,Product,
0017A4770E001ED789EEB09DC2F520BD,BDP,SM-A300H,KH,HHP,Smart Phone,Galaxy A3 (2015),,,Mass,456,08,en-GB,,2015-04-09,Product,
0017A47705F21ED5B6EA8100A3145A63,BDP,SM-G7102,TH,HHP,Smart Phone,Galaxy Grand2,,,High,0,0,th-TH,,2014-05-30,Product,
005056BF63C01EECB3A93D160A64E2C0,BDP,SM-N971N,KH,HHP,Smart Phone,Galaxy Note 10 5G,,,Flagship,456,08,en-US,,2019-11-25,Product,
BD343ACB77231ED5A0C7757F8741D08E,BDP,SCH-I759,ID,HHP,Smart Phone,ETC_Smart Phone,,,,0,0,in-ID,,2014-07-08,Product,
0017A47705F21ED59EEF010DCA359A63,BDP,SM-T211,MY,HHP,Tablet,Galaxy Tab3 7,,,Mass,460,1,zh-CN,,2013-09-27,Product,
005056B864471EEBABF741363C9528E4,BDP,SM-J600G,MM,HHP,Smart Phone,Galaxy J6,,,Mass,414,06,en-ZG,,2018-10-06,Product,
005056BFF94F1EDCACD227E0D8E104AA,BDP,SM-A525F,MM,HHP,Smart Phone, Galaxy A52,,,Mass,414,01,en-GB,,2022-04-02,Product,
D1C28602FDCA1ED6B8A9D074065E1611,BDP,GT-I9082,LA,HHP,Smart Phone,Galaxy Grand,,,,457,03,,,2014-05-05,Product,
0017A47705EE1ED79DBFFD2A23CEA0C0,BDP,SM-E500H,LA,HHP,Smart Phone,Galaxy E5,,,Mass,457,03,th-TH,,2015-02-18,Product,
0017A4770E0A1ED881BFB1D3C0A140C3,BDP,SM-E500H,MM,HHP,Smart Phone,Galaxy E5,,,Mass,414,05,en-GB,,2015-06-18,Product,
BD343ACB77231ED5A7F0968FE3A7D08E,BDP,SM-G850F,PH,HHP,Smart Phone,Galaxy Alpha,,,High,404,2,en-PH,,2015-09-29,Product,
BD343ACB77231ED59F8ECBC37F09B08E,BDP,SM-G313HZ,ID,HHP,Smart Phone,Galaxy Ace 4 LTE,,,Mass,0,0,in-ID,,2014-12-05,Product,
D1C28602FDCA1ED6B8A9E87B0E083611,BDP,SM-T805,KH,HHP,Tablet,Galaxy Tab S 10.5,,,High,456,01,,,2014-08-05,Product,
005056BF63C01EDCB8D2647C2CC20AD7,BDP,SM-A035F,LA,HHP,Smart Phone,Galaxy A03,,,,457,03,th-TH,,2022-03-18,Product,
D1C28602FDCA1ED6B8AA9F44D555F611,BDP,SM-A700FD,MM,HHP,Smart Phone,Galaxy A7 (2015),,,High,414,1,en-GB,,2015-04-21,Product,
BD343ACB77231ED59E8E16CAFEAD508E,BDP,GT-I8160,SG,HHP,Smart Phone,Galaxy Ace 2,,,High,404,43,en-GB,,2012-08-14,Product,
005056BFF94F1EECA9F470A26338F630,BDP,SM-F9000,KH,HHP,Smart Phone,Galaxy Fold,,,,456,08,en-US,,2020-01-14,Product,
BD343ACB77231ED5B780416806BD508E,BDP,GT-I9152,TH,HHP,Smart Phone,Galaxy Mega 5.8,,,,440,10,th-TH,,2013-08-21,Product,
BD343ACB77231ED5BC908636C6E7F08E,BDP,SM-A510Y,PH,HHP,Smart Phone,Galaxy A5 (2016),,,Mass,716,6,en-PH,,2016-03-19,Product,
005056B85CC51ED8BB80EAB4FC497DD9,BDP,SM-N930F,LA,HHP,Smart Phone,Galaxy Note 7,,,Flagship,457,02,lo-LA,,2016-08-29,Product,
B6FD162E60C91EE68CC91C0E84376276,BDP,UA75MU7000,AU,TV,LED,PUHD,,,75,"75""↑",M(2017),SMART,FLAT,2022-01-19,Product,
D1C28602FDCA1ED6B8AA9F44D4EC1611,BDP,SM-T116NU,MM,HHP,Tablet,Galaxy Tab3 Lite,,,Entry,414,5,en-US,,2015-03-24,Product,
D1C28602FDCA1ED6B8AAD155C7331611,BDP,SM-A800F,KH,HHP,Smart Phone,Galaxy A8 (2015),,,High,456,06,en-GB,,2015-09-01,Product,
005056B864471EE983BA3741D886637B,BDP,SM-J701F,MM,HHP,Smart Phone,Galaxy J7 Neo,,,High,414,06,my-MM,,2018-02-22,Product,
BD343ACB77231ED5B0C2DED312E8D08E,BDP,GT-I9060,ID,HHP,Smart Phone,Galaxy Grand Neo,,,,0,0,in-ID,,2014-06-15,Product,
005056BFC8E81EDD80D6B4ED1DCFCA02,BDP,SM-A127F,MM,HHP,Smart Phone,Galaxy A12 ,,,Entry,414,05,en-GB,,2022-03-04,Product,
D1C28602FDCA1ED6B8A9A6FA591AF611,BDP,GT-N7000,MM,HHP,Smart Phone,Galaxy Note,,,High,414,1,en-GB,,2012-07-04,Product,
005056BFAFAF1EDD82A02430BB07FD53,BDP,SM-X205,MM,HHP,Tablet,Galaxy Tab A8,,,Mass,414,06,,,2022-06-17,Product,
0017A47705F21ED5B6EF027DA61C5A63,BDP,GT-S5830i,TW,HHP,Smart Phone,Galaxy Ace,,,Mass,460,01,,,2013-04-03,Product,
005056BFAFAF1EEBBCF3E0C9F4C671A0,BDP,SM-M205G,KH,HHP,Smart Phone,Galaxy M20,,,Entry,456,06,en-GB,,2019-05-05,Product,
005056B85CC51EEBB4D460AEACDFD991,BDP,SM-A315G,LA,HHP,Smart Phone,Galaxy A31,,,Mass,457,03,th-TH,,2020-10-03,Product,
005056BFF94F1EDC89BD2D2C25987DCD,BDP,SM-G977N,KH,HHP,Smart Phone,Galaxy S10 5G,,,Flagship,456,08,en-US,,2019-05-15,Product,
005056B864471EDA8EF36C59B4F25172,BDP,SM-A307GN,MM,HHP,Smart Phone,Galaxy A30s,,,Mass,414,01,en-US,,2020-01-12,Product,
0017A47705F21ED5BBDCE8A3E27F3A63,BDP,SM-A710F,VN,HHP,Smart Phone,Galaxy A7 (2016),,,High,404,07,vi-VN,,2016-03-17,Product,
005056B829D81EDA9AA4A981EA53794E,BDP,UA75MU7000,AU,TV,LED,PUHD,,,75,"75""↑",M(2017),SMART,FLAT,2020-03-18,Product,
005056BF63C01EEC9AAF25F8FC3D1611,BDP,SM-A307GN,LA,HHP,Smart Phone,Galaxy A30s,,,Mass,457,03,th-TH,,2019-12-22,Product,
005056BFF94F1EECAEA0C9E2D831B4DB,BDP,SM-A035F,MM,HHP,Smart Phone,Galaxy A03,,,,414,01,en-GB,,2022-04-04,Product,
005056B8A9EA1EE8B4DC107E5BBE7B99,BDP,SM-G600FY,MM,HHP,Smart Phone,Galaxy On7 (2015),,,Mass,414,06,en-GB,,2017-12-09,Product,
BD343ACB77231ED59EB073899E07F08E,BDP,SM-G615F,MY,HHP,Smart Phone,Galaxy J7 Max,,,Mass,404,20,en-GB,,2018-05-28,Product,
005056B829D81EEB99FA4FFF7203C5F4,BDP,UA75NU8000,VN,TV,LED,PUHD,,,75,"75""↑",N(2018),SMART,FLAT,2021-02-05,Product,
0017A47705F21ED59F8242057B985A63,BDP,SM-G7102,PH,HHP,Smart Phone,Galaxy Grand2,,,High,424,2,en-PH,,2014-06-18,Product,
BD343ACB77231ED59E8E4D5755DAF08E,BDP,GT-N8000,SG,HHP,Tablet,Galaxy Note 10.1 (2012),,,High,470,1,en-GB,,2012-11-23,Product,
D1C28602FDCA1ED6B8AB1EB8B579B611,BDP,SM-A800F,LA,HHP,Smart Phone,Galaxy A8 (2015),,,High,457,01,lo-LA,,2015-12-04,Product,
005056BFC8E81EECAD9DD06AFDD629E0,BDP,SM-A025F,KH,HHP,Smart Phone,Galaxy A02s,,,,456,08,km-KH,,2021-06-28,Product,
D1C28602FDCA1ED6B8AAC9D394C11611,BDP,SM-T231,MM,HHP,Tablet,Galaxy Tab4 7,,,Mass,414,06,en-GB,,2015-08-31,Product,
005056BFF94F1EECA5E1ED90325DB51E,BDP,SM-A025F,LA,HHP,Smart Phone,Galaxy A02s,,,,457,01,th-TH,,2021-03-28,Product,
D1C28602FDCA1ED6B8A9E1254D955611,BDP,SM-S908B,KH,HHP,Smart Phone,Galaxy S22 Ultra,,,,456,00,en-GB,,2022-04-11,Product,
D1C28602FDCA1ED6B8A97E147FBB5611,BDP,GT-N5100,KH,HHP,Tablet,Galaxy Note 8.0,,,Mass,456,6,en-US,,2013-05-13,Product,
0017A47705EE1ED792AD3E09C5A940C0,BDP,SM-A720F,KH,HHP,Smart Phone,Galaxy A7 (2017),,,High,456,01,km-KH,,2017-05-06,Product,
0017A47705F21ED59EF8043405AD5A63,BDP,SCH-I759,ID,HHP,Smart Phone,ETC_Smart Phone,,,,0,0,in-ID,,2014-07-04,Product,
BD343ACB77231ED59FAA145513FD708E,BDP,GT-N7000,ID,HHP,Smart Phone,Galaxy Note,,,High,0,0,,,2012-08-11,Product,
005056B85CC51ED8B3DE5BD42A30A3B8,BDP,SM-A500F,KH,HHP,Smart Phone,Galaxy A5 (2015),,,Mass,456,06,en-US,,2015-10-18,Product,
BD343ACB77231ED59E8022204D1F708E,BDP,GT-N5120,SG,HHP,Tablet,Galaxy Note 8.0,,,Mass,0,0,en-GB,,2013-07-05,Product,
BD343ACB77231ED5B6F7E9E2FC71108E,BDP,SM-G850F,TH,HHP,Smart Phone,Galaxy Alpha,,,High,414,1,en-US,,2014-10-20,Product,
0017A47705F21ED59EFE288C25127A63,BDP,SM-G7102,ID,HHP,Smart Phone,Galaxy Grand2,,,High,0,0,in-ID,,2014-08-05,Product,
0017A4770E001ED780B5CCEE0E9000BD,BDP,SM-G600FY,MM,HHP,Smart Phone,Galaxy On7 (2015),,,Mass,414,06,en-ZG,,2016-08-02,Product,
005056B85CC51EE983885833D6A12F3C,BDP,SM-J720F,LA,HHP,Smart Phone,Galaxy J7 Duo,,,High,457,03,th-TH,,2018-12-30,Product,
005056B864471EEBB88072A29E5B5A02,BDP,SM-A022F,LA,HHP,Smart Phone,Galaxy A02,,,,457,01,th-TH,,2021-05-29,Product,
0017A4770E0A1ED880C2AFD3CEC560C3,BDP,SM-A510F,MM,HHP,Smart Phone,Galaxy A5 (2016),,,Mass,414,06,en-US,,2016-06-23,Product,
005056B85CC51EEBA2982BC3FB63CB59,BDP,SM-J600G,MM,HHP,Smart Phone,Galaxy J6,,,Mass,414,00,en-ZG,,2018-08-23,Product,
005056BF63C01EEC82FF121D9FCB6769,BDP,SM-A307GN,LA,HHP,Smart Phone,Galaxy A30s,,,Mass,457,03,th-TH,,2020-04-02,Product,
0017A47705F21ED59F82A5B3B5C53A63,BDP,SM-G7102,MY,HHP,Smart Phone,Galaxy Grand2,,,High,414,6,en-GB,,2014-05-28,Product,
BD343ACB77231ED59F90921B1400108E,BDP,SM-G355H,ID,HHP,Smart Phone,Galaxy Core2,,,Mass,0,0,in-ID,,2014-12-01,Product,
BD343ACB77231ED5AE947BD572E3108E,BDP,SM-G7102,ID,HHP,Smart Phone,Galaxy Grand2,,,High,0,0,en-GB,,2015-01-16,Product,
0017A47705F21ED59EF7AC3961469A63,BDP,SCH-I759,ID,HHP,Smart Phone,ETC_Smart Phone,,,,0,0,,,2014-07-02,Product,
0017A4770E061ED79AAD41FE2B8980BF,BDP,GT-S5660,MM,HHP,Smart Phone,ETC_Smart Phone,,,Mass,414,01,,,2012-08-30,Product,
005056B85CC51EEBB8E46EC8D0072BAB,BDP,SM-A025F,MM,HHP,Smart Phone,Galaxy A02s,,,,414,01,en-GB,,2021-06-22,Product,
D1C28602FDCA1ED6B8D353A7E1BE5611,BDP,SM-A510F,MM,HHP,Smart Phone,Galaxy A5 (2016),,,Mass,414,06,my-MM,,2016-11-10,Product,
0017A4770E0A1ED7BDDD22F73C3700C3,BDP,SM-G977N,KH,HHP,Smart Phone,Galaxy S10 5G,,,Flagship,456,06,en-GB,,2019-06-22,Product,
005056BFAFAF1EECAD86CCE7BF027C27,BDP,SM-T295,LA,HHP,Tablet,Galaxy Tab A 8 (2019),,,Mass,457,01,th-TH,,2020-07-15,Product,
D1C28602FDCA1ED6B8AA02623150B611,BDP,SM-F916B,KH,HHP,Smart Phone,Galaxy Z Fold2 5G,,,,456,01,en-US,,2021-03-19,Product,
005056BF63C01EECB48D9E66B3F1ECBC,BDP,SM-A037F,LA,HHP,Smart Phone,Galaxy A03s,,,,457,03,lo-LA,,2022-01-23,Product,
0017A47705F21ED5ACD2F86F077D9A63,BDP,SM-G928C,PH,HHP,Smart Phone,Galaxy S6 Edge Plus,,,Flagship,310,410,en-US,,2015-12-31,Product,
005056B85CC51ED89AB649C8B3A366DC,BDP,SM-N970F,MM,HHP,Smart Phone,Galaxy Note 10,,,Flagship,414,01,en-GB,,2020-07-16,Product,
0017A4770E001ED790DE241F6BD100BD,BDP,SM-G986B,MM,HHP,Smart Phone,Galaxy S20 Plus,,,Flagship,414,06,en-US,,2021-01-09,Product,
005056BFC8E81EED85829039B4EEB7E2,BDP,SHV-E110S,KH,HHP,Smart Phone,Galaxy S2 LTE,,,,456,01,,,2014-01-20,Product,
D1C28602FDCA1ED6B8A98AAC91953611,BDP,GT-I9070,MM,HHP,Smart Phone,Galaxy S Advance,,,,414,01,en-US,,2013-06-12,Product,
B6FD162E60C91EE68E86F8CFA0478276,BDP,GT-I8190T,NZ,HHP,Smart Phone,Galaxy S3 Mini,,,High,405,848,en-NZ,,2014-10-16,Product,
005056B864471EE8BCFCF4F138B18D07,BDP,SM-J106B,LA,HHP,Smart Phone,Galaxy J1 Mini Prime,,,Entry,457,03,th-TH,,2017-02-04,Product,
D1C28602FDCA1ED6B8AA2D98CB9B9611,BDP,SM-G7102,MM,HHP,Smart Phone,Galaxy Grand2,,,High,414,01,,,2015-01-28,Product,
0017A47705F21ED5B6D19DF5C2AA3A63,BDP,GT-S5380D,TH,HHP,Smart Phone,ETC_Smart Phone,,,Mass,0,0,en-us,,2012-01-02,Product,
BD343ACB77231ED59EC92D3734F3B08E,BDP,GT-I9082,MY,HHP,Smart Phone,Galaxy Grand,,,,460,2,zh-CN,,2013-06-01,Product,
0017A47705E81ED78C94CA9D8ABCC0BF,BDP,SM-A910F,LA,HHP,Smart Phone,Galaxy A9 Pro (2016),,,,457,01,th-TH,,2016-08-05,Product,
005056BF63C01EDCB0FB5062B8E66B0A,BDP,SM-F926N,LA,HHP,Smart Phone,Galaxy Z Fold 3 5G,,,,457,03,zh-CN,,2021-08-13,Product,
0017A47705E81ED881D984B60C06C0C3,BDP,GT-I9300I,MM,HHP,Smart Phone,Galaxy S3 Neo,,,,414,06,en-GB,,2015-10-07,Product,
D1C28602FDCA1ED6B8AA6414119AB611,BDP,SM-F711B,KH,HHP,Smart Phone,Galaxy Z Flip 3 5G,,,High,456,20,fr-FR,,2022-03-18,Product,
005056B829D81EE986CC69C82649B4BF,BDP,SM-J600G,MM,HHP,Smart Phone,Galaxy J6,,,Mass,414,00,my-MM,,2018-10-04,Product,
005056B8A9EA1EE8A891F3C3A273FD86,BDP,GT-S5660,MM,HHP,Smart Phone,ETC_Smart Phone,,,Mass,414,06,en,,2018-01-11,Product,
0017A47705E81ED782C18A97B71C60BF,BDP,SM-F711B,KH,HHP,Smart Phone,Galaxy Z Flip 3 5G,,,High,456,05,ko-KR,,2021-10-29,Product,
D1C28602FDCA1ED6B8A97E147F4ED611,BDP,SM-C900F,MM,HHP,Smart Phone,Galaxy C9 Pro,,,,414,01,en-US,,2017-07-30,Product,
0017A47705F21ED59F8333F3728C5A63,BDP,GT-P5200,PH,HHP,Tablet,Galaxy Tab 3 10.1,,,Mass,234,18,en-GB,,2014-09-22,Product,
005056BFC8E81EDCB5D6C588E73B7EE0,BDP,SM-A127F,LA,HHP,Smart Phone,Galaxy A12 ,,,Entry,457,01,th-TH,,2022-02-03,Product,
0017A4770E0A1ED7B58F9A6F6B5EA0C3,BDP,SM-C710F,LA,HHP,Smart Phone,Galaxy C8 (Jade),,,High,457,01,th-TH,,2017-11-25,Product,
0017A4770E061ED798DA8BEC150000BF,BDP,SM-T375S,MM,HHP,Tablet,Galaxy Tab E 8,,,High,414,05,en-US,,2017-01-17,Product,
005056B864471EEA92A628DA809E33F5,BDP,SM-N976N,MM,HHP,Smart Phone,Galaxy Note 10 Plus 5G,,,Flagship,414,02,en-US,,2019-08-18,Product,
005056B85CC51EDBADE39B6830908CC5,BDP,SM-A307GN,MM,HHP,Smart Phone,Galaxy A30s,,,Mass,414,00,en-GB,,2019-11-16,Product,
0017A47705E81ED7AEB6EC5E65C3C0C3,BDP,SM-G996U,KH,HHP,Smart Phone,Galaxy S21 Plus 5G,,,Flagship,456,41,,,2021-02-01,Product,
0017A47705F21ED5B6AB77654DF13A63,BDP,GT-P7500,TH,HHP,Tablet,Galaxy Tab 10.1,,,Mass,412,00,th-TH,,2013-09-20,Product,
BD343ACB77231ED59F8C56BF7F04708E,BDP,SM-G850F,VN,HHP,Smart Phone,Galaxy Alpha,,,High,456,8,en-GB,,2014-11-06,Product,
005056B85CC51EE896BFDA341558DA9E,BDP,SM-A500K,KH,HHP,Smart Phone,Galaxy A5 (2015),,,Mass,456,06,en-US,,2015-05-05,Product,
BD343ACB77231ED59EC31156061E308E,BDP,GT-I9082,ID,HHP,Smart Phone,Galaxy Grand,,,,0,0,,,2013-03-28,Product,
005056B85CC51ED897D24086E7E2599D,BDP,SM-A720F,KH,HHP,Smart Phone,Galaxy A7 (2017),,,High,456,01,en-US,,2017-02-01,Product,
D1C28602FDCA1ED6B8AA02622FD17611,BDP,SM-G7102,LA,HHP,Smart Phone,Galaxy Grand2,,,High,457,01,th-TH,,2014-10-22,Product,
D1C28602FDCA1ED6B8AA23676B8B3611,BDP,SM-G313HZ,MM,HHP,Smart Phone,Galaxy Ace 4 LTE,,,Mass,414,1,en-US,,2015-01-01,Product,
005056BFC8E81EECADB6B461CEAC22F9,BDP,SM-G977N,KH,HHP,Smart Phone,Galaxy S10 5G,,,Flagship,456,08,en-US,,2019-05-15,Product,
005056BFF94F1EDC9CC412AA196D3DF9,BDP,SM-A037F,KH,HHP,Smart Phone,Galaxy A03s,,,,456,06,en-US,,2021-12-30,Product,
005056B8A9EA1EDBAC9ABD3A29CFA31F,BDP,SM-A226B,KH,HHP,Smart Phone,Galaxy A22 5G,,,Entry,456,00,km-KH,,2021-09-10,Product,
005056B8A9EA1ED89EDC4EADD770B31C,BDP,SM-N935F,MM,HHP,Smart Phone,Galaxy Note FE,,,Flagship,414,01,en-GB,,2018-06-28,Product,
005056BFF94F1EECAEE7112BF019A092,BDP,SM-A035F,LA,HHP,Smart Phone,Galaxy A03,,,,457,01,th-TH,,2022-04-13,Product,
0017A47705F21ED5BDE0796E72F33A63,BDP,GT-N7000,TH,HHP,Smart Phone,Galaxy Note,,,High,602,,,,2012-08-12,Product,
B6FD162E60C91EE68DE216AB22EC8276,BDP,GT-S7562,AU,HHP,Smart Phone,Galaxy S Duos,,,High,404,24,en-US,,2013-04-12,Product,
005056BF63C01EDC89BF68F9A17D99F8,BDP,SM-A037F,MM,HHP,Smart Phone,Galaxy A03s,,,,414,05,en-GB,,2021-10-05,Product,
005056B864471EE89A819682B5B28E9E,BDP,SM-A025F,KH,HHP,Smart Phone,Galaxy A02s,,,,456,00,en-US,,2021-03-21,Product,
D1C28602FDCA1ED6B8A9469F00113611,BDP,GT-N7000,MM,HHP,Smart Phone,Galaxy Note,,,High,414,1,,,2012-03-26,Product,
005056BFF94F1EECB0973FEFD53F35D9,BDP,SM-A135F,MM,HHP,Smart Phone,Galaxy A13,,,Entry,414,05,en-GB,,2022-04-20,Product,
D1C28602FDCA1ED6B8A9A6FA586F3611,BDP,GT-I8552,MM,HHP,Smart Phone,Galaxy Win,,,High,414,1,ru-RU,,2013-09-29,Product,
0017A47705F21ED5B6E7DCAE090DFA63,BDP,GT-N5100,TW,HHP,Tablet,Galaxy Note 8.0,,,Mass,460,1,zh-TW,,2013-11-27,Product,
BD343ACB77231ED59F93795419DD308E,BDP,GT-I9060,ID,HHP,Smart Phone,Galaxy Grand Neo,,,,0,0,in-ID,,2014-07-27,Product,
0017A4770E0A1ED7B2CB669BF10A20C3,BDP,SM-J330G,MM,HHP,Smart Phone,Galaxy J3 (2017),,,Mass,414,06,en-US,,2017-11-15,Product,
005056BF63C01EDC91AA9E860EA45773,BDP,SM-A127F,MM,HHP,Smart Phone,Galaxy A12 ,,,Entry,414,01,en-GB,,2021-11-14,Product,
005056BF63C01EDCB7EDC9154E55C6B7,BDP,SM-N976N,MM,HHP,Smart Phone,Galaxy Note 10 Plus 5G,,,Flagship,414,01,en-US,,2019-08-09,Product,
005056BFF94F1EDCBBAFC66FED295B1F,BDP,SM-A037F,LA,HHP,Smart Phone,Galaxy A03s,,,,457,03,th-TH,,2021-12-13,Product,
005056BF63C01EDC91941235B22EEE73,BDP,SM-J105B,LA,HHP,Smart Phone,Galaxy J1 Mini,,,Entry,457,03,th-TH,,2017-01-09,Product,
0017A47705F21ED5B6D54C17C2903A63,BDP,GT-S8530,TH,HHP,Smart Phone,Galaxy Core Prime,,,High,0,0,,,2014-01-20,Product,
005056B85CC51ED8A7966E360023544D,BDP,SM-J400F,KH,HHP,Smart Phone,Galaxy J4,,,,456,01,en-US,,2018-07-28,Product,
BD343ACB77231ED59F8AEAE6BD43708E,BDP,GT-I8262,MY,HHP,Smart Phone,Galaxy Core,,,High,0,0,in-ID,,2013-12-04,Product,
0017A47705F21EE68DEDDA9197757F31,BDP,SM-N7505,AU,HHP,Smart Phone,Galaxy Note 3 Neo,,,Flagship,460,0,zh-CN,,2014-09-01,Product,
0017A47705E81ED7BBCDF379C31480C3,BDP,SM-G998B,KH,HHP,Smart Phone,Galaxy S21 Ultra 5G,,,Flagship,456,08,en-US,,2021-02-10,Product,
0017A47705F21ED59EECB9946531FA63,BDP,GT-I9082,PH,HHP,Smart Phone,Galaxy Grand,,,,0,0,en-PH,,2013-12-27,Product,
B6FD162E60C91EE68DE216AB22D04276,BDP,GT-I8530,AU,HHP,Smart Phone,Galaxy Beam,,,High,460,0,,,2012-09-15,Product,
005056B8A9EA1EDBA6DCAAC6A53D7CEE,BDP,SM-N976N,KH,HHP,Smart Phone,Galaxy Note 10 Plus 5G,,,Flagship,456,06,en-US,,2020-02-19,Product,
D1C28602FDCA1ED6B8AA02623241D611,BDP,GT-I9195,MM,HHP,Smart Phone,Galaxy S4 Mini,,,,414,5,en-US,,2014-02-16,Product,
D1C28602FDCA1ED6B8A96AC0F2189611,BDP,SM-N915G,MM,HHP,Smart Phone,Galaxy Note Edge,,,Flagship,414,01,en-GB,,2015-08-14,Product,
BD343ACB77231ED59FA271BD3F7AB08E,BDP,SM-T805,MY,HHP,Tablet,Galaxy Tab S 10.5,,,High,617,1,en-GB,,2015-01-13,Product,
0017A47705F21ED5B6E8E8DB988D7A63,BDP,SM-G313HU,TH,HHP,Smart Phone,Galaxy Ace 4 LTE,,,Mass,310,260,en-US,,2014-09-03,Product,
D1C28602FDCA1ED6B8AA19250A435611,BDP,GT-I9060,KH,HHP,Smart Phone,Galaxy Grand Neo,,,,456,6,en-GB,,2014-12-22,Product,
005056B864471EE8ABBDF5577C7A6802,BDP,SM-A730F,KH,HHP,Smart Phone,Galaxy A8 Plus (2018),,,High,456,00,en-US,,2018-01-23,Product,
0017A47705EE1ED7978BFD83BAA940C0,BDP,GT-S5310,LA,HHP,Smart Phone,Galaxy Pocket Neo,,,Mass,457,01,th-TH,,2014-11-18,Product,
D1C28602FDCA1ED6B8A9469F00AF5611,BDP,SM-N985F,KH,HHP,Smart Phone,Galaxy Note 20 Ultra,,,Flagship,456,06,en-GB,,2020-08-28,Product,
005056B829D81EEBB0ACC90221C31BAD,BDP,SM-A315G,KH,HHP,Smart Phone,Galaxy A31,,,Mass,456,06,en-US,,2020-06-30,Product,
B6FD162E60C91EE68E8595958C918276,BDP,GT-I9195,AU,HHP,Smart Phone,Galaxy S4 Mini,,,,404,86,en-GB,,2014-06-28,Product,
005056BFF94F1EEC95F2B6ECA060754C,BDP,SM-A037F,MM,HHP,Smart Phone,Galaxy A03s,,,,414,05,en-GB,,2021-12-06,Product,
005056BFAFAF1EDCB7A25FA4E1CA1AE2,BDP,SM-T595,MM,HHP,Tablet,Galaxy Tab A 10.5 (2018),,,Mass,414,06,en-GB,,2018-11-09,Product,
D1C28602FDCA1ED6B8A9AD83E694F611,BDP,SM-C101,MM,HHP,Smart Phone,Galaxy S4 zoom,,,Entry,414,01,,,2013-10-24,Product,
0017A47705F21ED59F866E0F02C63A63,BDP,SM-G355H,MY,HHP,Smart Phone,Galaxy Core2,,,Mass,0,0,,,2014-10-17,Product,
BD343ACB77231ED59F8E685C6DE6508E,BDP,GT-N5100,MY,HHP,Tablet,Galaxy Note 8.0,,,Mass,405,872,en-GB,,2014-02-24,Product,
D1C28602FDCA1ED6B8AAC9D393E69611,BDP,SM-J100H,MM,HHP,Smart Phone,Galaxy J1 (2015),,,Entry,414,6,my-MM,,2015-06-01,Product,
0017A47705F21ED5B6E89E80B6E37A63,BDP,GT-I8262,TH,HHP,Smart Phone,Galaxy Core,,,High,422,2,th-TH,,2013-08-07,Product,
005056BFC8E81EED81A2A5BA88EFAC62,BDP,SM-A225F,KH,HHP,Smart Phone,Galaxy A22,,,Entry,456,06,en-US,,2021-10-10,Product,
BD343ACB77231ED59EBA65098E18108E,BDP,GT-P7500,ID,HHP,Tablet,Galaxy Tab 10.1,,,Mass,310,00,,,2012-12-15,Product,
005056BF63C01EECA1EADBDBCA00645A,BDP,SM-M127F,MM,HHP,Smart Phone,Galaxy M12,,,Entry,414,09,en-GB,,2022-02-06,Product,
0017A47705E81ED786C403289996A0BF,BDP,SM-A5100,MM,HHP,Smart Phone,Galaxy A5 (2016),,,Mass,414,05,my-ZG,,2016-04-20,Product,
D1C28602FDCA1ED6BA9390B79123D611,BDP,SM-A528B,MM,HHP,Smart Phone,Galaxy A52s 5G,,,Mass,414,05,en-GB,,2021-12-24,Product,
005056BFF94F1EEC87A83C76D0C340CA,BDP,SM-J330G,LA,HHP,Smart Phone,Galaxy J3 (2017),,,Mass,457,03,th-TH,,2017-08-24,Product,
0017A47705F21ED5B6D980808333DA63,BDP,GT-N7000,TW,HHP,Smart Phone,Galaxy Note,,,High,460,2,zh-CN,,2011-11-30,Product,
0017A47705F21EE68D82793D48931F31,BDP,UA75NU8000,AU,TV,LED,PUHD,,,75,"75""↑",N(2018),SMART,FLAT,2018-12-01,Product,
D1C28602FDCA1ED6B8A94DC8DBC35611,BDP,SM-G850F,KH,HHP,Smart Phone,Galaxy Alpha,,,High,456,6,,,2014-11-22,Product,
005056BFAFAF1EDCA8F46E94611189E2,BDP,SM-N976N,KH,HHP,Smart Phone,Galaxy Note 10 Plus 5G,,,Flagship,456,06,km-KH,,2019-08-24,Product,
D1C28602FDCA1ED6B8A95F2458E6B611,BDP,SM-A710F,KH,HHP,Smart Phone,Galaxy A7 (2016),,,High,456,06,en-GB,,2016-02-23,Product,
005056BF63C01EDC9FEFF7CEA0DA5EFE,BDP,SM-J600G,MM,HHP,Smart Phone,Galaxy J6,,,Mass,414,00,en-GB,,2018-08-08,Product,
005056BFC8E81EED81BB010DFA852B10,BDP,SM-J530Y,MM,HHP,Smart Phone,Galaxy J5 (2017),,,Mass,414,06,en-GB,,2017-09-26,Product,
0017A4770E001ED786ED5B70D24EE0BD,BDP,SM-N935F,MM,HHP,Smart Phone,Galaxy Note FE,,,Flagship,414,06,en-ZG,,2018-04-26,Product,
005056BFF94F1EDC86AA8D366EBBA0E9,BDP,SM-A025F,LA,HHP,Smart Phone,Galaxy A02s,,,,457,01,th-TH,,2021-09-16,Product,
005056B85CC51ED995F81F1B26A3B686,BDP,SM-J250F,LA,HHP,Smart Phone,Galaxy J2 (2018),,,Entry,457,03,th-TH,,2018-08-10,Product,
005056B829D81EEBB4A3CF5D86DD0FFA,BDP,SM-A525F,MM,HHP,Smart Phone, Galaxy A52,,,Mass,414,06,en-GB,,2021-06-21,Product,
005056B829D81EDB88D29300A7EADA33,BDP,SM-G977N,KH,HHP,Smart Phone,Galaxy S10 5G,,,Flagship,456,01,in-ID,,2019-04-27,Product,
005056B85CC51ED89BE2E2CDEC048EB1,BDP,SM-J701F,MM,HHP,Smart Phone,Galaxy J7 Neo,,,High,414,06,en-ZG,,2018-04-03,Product,
005056B85CC51EDBA3FCB87BA21D33FE,BDP,SM-G985F,LA,HHP,Smart Phone,Galaxy S20 Plus,,,Flagship,457,01,th-TH,,2020-03-03,Product,
D1C28602FDCA1ED6B7FDB9FC5F731611,GCIC,UA88KS9800G,PH,TV,LED,PUHD,,,88,"75""↑",K(2016),SMART,CURVED,2017-01-02,Product,
BD343ACB77231ED5B9B61C5DA33A308E,BDP,SM-A710F,VN,HHP,Smart Phone,Galaxy A7 (2016),,,High,404,18,vi-VN,,2016-02-02,Product,
005056B85CC51ED9B1B5D85BAA321D1E,BDP,SM-T835,VN,HHP,Tablet,Galaxy Tab S4,,,High,310,00,en-US,,2018-09-29,Product,
0017A47705F21ED59EFEB17936417A63,BDP,GT-I8262,ID,HHP,Smart Phone,Galaxy Core,,,High,420,1,in-ID,,2014-05-29,Product,
0017A4770E0A1ED883CEABE54114C0C3,GCIC,UA82NU8000K,SG,TV,LED,PUHD,,,82,"75""↑",N(2018),SMART,FLAT,2019-12-18,Product,
0017A47705F21ED59EF7AC396194DA63,BDP,GT-I9152,ID,HHP,Smart Phone,Galaxy Mega 5.8,,,,0,0,in-ID,,2014-04-01,Product,
0017A47705E81ED7B8E7B9F37B7C00C3,BDP,SM-C710F,KH,HHP,Smart Phone,Galaxy C8 (Jade),,,High,456,01,km-KH,,2017-12-09,Product,
005056BF63C01EDCB0FB99074D25EE72,BDP,SM-M225FV,KH,HHP,Smart Phone,Galaxy M22,,,Entry,456,06,zh-TW,,2022-04-13,Product,
0017A4770E001ED780EA306CFA4E40BD,BDP,SM-N986B,MM,HHP,Smart Phone,Galaxy Note 20 Ultra 5G,,,Flagship,414,15,en-GB,,2021-08-18,Product,
0017A47705EE1ED799A5D1C2373CA0C0,BDP,SM-N935F,MM,HHP,Smart Phone,Galaxy Note FE,,,Flagship,414,06,en-ZG,,2018-04-03,Product,
BD343ACB77231ED59F97ED0CB14C108E,BDP,SHV-E160K,PH,HHP,Smart Phone,Galaxy Note,,,,604,0,en-US,,2012-02-07,Product,
005056B864471EDA929DB1C7952D1244,BDP,GT-I9082,TW,HHP,Smart Phone,Galaxy Grand,,,,0,0,,,2014-01-01,Product,
BD343ACB77231ED5BCC124559F00308E,BDP,SM-A510F,TH,HHP,Smart Phone,Galaxy A5 (2016),,,Mass,214,3,th-TH,,2016-03-24,Product,
005056B864471EE8AFCE0D1E5200627A,BDP,SM-J400F,MM,HHP,Smart Phone,Galaxy J4,,,,414,09,en-US,,2018-08-14,Product,
005056B864471EE8ABA52D68D4CD9329,BDP,SM-J400F,MM,HHP,Smart Phone,Galaxy J4,,,,414,05,en-GB,,2018-08-15,Product,
005056BFF94F1EDCA6DF99E742B248DC,BDP,SM-N976N,KH,HHP,Smart Phone,Galaxy Note 10 Plus 5G,,,Flagship,456,06,en-US,,2019-12-11,Product,
005056B829D81EDABECFDC1DB1719158,BDP,SM-T825Y,MM,HHP,Tablet,Galaxy Tab S3,,,High,414,20,en-GB,,2017-10-07,Product,
005056B85CC51EE99395BCB15F5C154D,BDP,SM-T975,MM,HHP,Tablet,Galaxy Tab S7 Plus,,,Flagship,414,00,en-GB,,2021-03-12,Product,
BD343ACB77231ED59E8776EC509AD08E,BDP,GT-S6310,SG,HHP,Smart Phone,Galaxy Young,,,Mass,450,8,zh-CN,,2013-07-27,Product,
005056B85CC51ED99C8142ADFF770979,BDP,SM-J701F,MM,HHP,Smart Phone,Galaxy J7 Neo,,,High,414,09,en-GB,,2017-12-07,Product,
005056B864471EEBAD9843393367AB5F,BDP,SM-J701F,LA,HHP,Smart Phone,Galaxy J7 Neo,,,High,457,02,th-TH,,2018-06-30,Product,
BD343ACB77231ED5AFAB3B9E546B108E,BDP,SM-J100H,VN,HHP,Smart Phone,Galaxy J1 (2015),,,Entry,234,20,en-GB,,2015-09-21,Product,
005056B8A9EA1EE98DBD244040436954,BDP,SM-J810Y,LA,HHP,Smart Phone,Galaxy J8,,,High,457,01,th-TH,,2019-02-21,Product,
005056BFC8E81EDC8ABD26AE1F5F6DB3,BDP,SM-N9860,MM,HHP,Smart Phone,Galaxy Note 20 Ultra 5G,,,Flagship,414,01,en-US,,2020-08-30,Product,
005056B8A9EA1EEBB8D0042EF23D9E88,BDP,SM-A307GN,MM,HHP,Smart Phone,Galaxy A30s,,,Mass,414,05,en-GB,,2020-03-13,Product,
005056B829D81EEBB8B3FCD1C8C0144A,BDP,SM-C900F,MM,HHP,Smart Phone,Galaxy C9 Pro,,,,414,01,en-GB,,2017-04-27,Product,
0017A4770E0A1ED7AEEB5BD8E54760C3,BDP,SM-G7102,MM,HHP,Smart Phone,Galaxy Grand2,,,High,414,06,en-GB,,2014-11-29,Product,
0017A4770E0A1ED7B1B1C93D899320C3,BDP,SM-A910F,MM,HHP,Smart Phone,Galaxy A9 Pro (2016),,,,414,06,en-ZG,,2016-08-17,Product,
D1C28602FDCA1ED6B8A9A09F7DFA5611,BDP,SM-J330G,MM,HHP,Smart Phone,Galaxy J3 (2017),,,Mass,414,00,en-GB,,2017-08-14,Product,
0017A47705EE1ED79ADFD06F3C5F00C0,BDP,SM-A310F,KH,HHP,Smart Phone,Galaxy A3 (2016),,,Mass,456,01,km-KH,,2016-03-14,Product,
005056B864471EE8A7C7A7866A768C87,BDP,SM-A710F,MM,HHP,Smart Phone,Galaxy A7 (2016),,,High,414,01,en-GB,,2016-07-15,Product,
D1C28602FDCA1ED6B8A9E1254CB8F611,BDP,GT-I9060,LA,HHP,Smart Phone,Galaxy Grand Neo,,,,457,01,th-TH,,2014-04-27,Product,
005056B85CC51EE987E35120DF7E6F95,BDP,SM-J701F,MM,HHP,Smart Phone,Galaxy J7 Neo,,,High,414,09,en-US,,2018-02-18,Product,
0017A47705E81ED7BAD1F3916AA740C3,BDP,SM-A720F,MM,HHP,Smart Phone,Galaxy A7 (2017),,,High,414,06,en-US,,2017-07-16,Product,
0017A47705E81ED78DBC9775AB5A80BF,BDP,SM-M105G,LA,HHP,Smart Phone,Galaxy M10,,,Entry,457,03,th-TH,,2019-10-13,Product,
BD343ACB77231ED5A0C67B21F168508E,BDP,SM-A300H,VN,HHP,Smart Phone,Galaxy A3 (2015),,,Mass,0,0,vi-VN,,2015-09-10,Product,
0017A47705F21ED59EDC8B04BB6ABA63,BDP,GT-I8262,ID,HHP,Smart Phone,Galaxy Core,,,High,0,0,in-ID,,2013-10-10,Product,
0017A4770E0A1ED893FB632A992F40C4,BDP,SM-J530Y,MM,HHP,Smart Phone,Galaxy J5 (2017),,,Mass,414,06,en-GB,,2017-12-23,Product,
D1C28602FDCA1ED6B8D72F5C7FC73611,BDP,SM-A500H,MM,HHP,Smart Phone,Galaxy A5 (2015),,,Mass,414,00,en-US,,2015-12-06,Product,
005056B829D81EEBA5DCF945D2EBD1CB,BDP,SM-N770F,LA,HHP,Smart Phone,Galaxy Note 10 Lite,,,Flagship,457,01,,,2020-12-21,Product,
D1C28602FDCA1ED6B8AA4941DEAAD611,BDP,SM-A500H,MM,HHP,Smart Phone,Galaxy A5 (2015),,,Mass,414,5,en-US,,2015-03-07,Product,
BD343ACB77231ED5A0C720B632B4708E,BDP,SM-A700FD,MY,HHP,Smart Phone,Galaxy A7 (2015),,,High,302,610,en-US,,2015-09-20,Product,
B6FD162E60C91EE68DD8BA01C1FFE276,BDP,GT-N8000,AU,HHP,Tablet,Galaxy Note 10.1 (2012),,,High,618,1,en-AU,,2014-04-03,Product,
0017A47705E81ED78D989FB166B9A0BF,BDP,SM-A320Y,LA,HHP,Smart Phone,Galaxy A3 (2017),,,Mass,457,03,th-TH,,2017-05-07,Product,
0017A4770E0A1ED891BC2618DE35A0C4,BDP,SM-J250F,MM,HHP,Smart Phone,Galaxy J2 (2018),,,Entry,414,01,en-US,,2018-04-08,Product,
005056BF63C01EECA3845EF18F48FCEF,BDP,SM-A225F,MM,HHP,Smart Phone,Galaxy A22,,,Entry,414,09,en-GB,,2021-09-19,Product,
005056BFC8E81EDC9C917A531924C7D7,BDP,SM-A720F,MM,HHP,Smart Phone,Galaxy A7 (2017),,,High,414,06,en-GB,,2017-03-06,Product,
D1C28602FDCA1ED6B8A97E147F0C5611,BDP,GT-N5100,MM,HHP,Tablet,Galaxy Note 8.0,,,Mass,414,01,,,2013-05-10,Product,
D1C28602FDCA1ED6B8AB12F79695D611,BDP,SM-G355H,MM,HHP,Smart Phone,Galaxy Core2,,,Mass,414,05,tl-PH,,2014-07-04,Product,
0017A47705F21ED5B6E97F001E005A63,BDP,GT-S7270L,TH,HHP,Smart Phone,Galaxy Ace 3,,,High,460,0,en-US,,2014-03-30,Product,
005056B829D81EE982A345E1C6B3B274,BDP,UA82NU8000,NZ,TV,LED,PUHD,,,82,"75""↑",N(2018),SMART,FLAT,2020-05-06,Product,
0017A47705F21ED59EE7D431ED429A63,BDP,GT-S5312,ID,HHP,Smart Phone,Galaxy Pocket Neo,,,Mass,0,0,in-ID,,2013-12-31,Product,
005056BFC8E81EEC94BD041C3234829F,BDP,SM-A127F,MM,HHP,Smart Phone,Galaxy A12 ,,,Entry,414,01,en-GB,,2021-11-29,Product,
005056BFF94F1EECBC946D96AFD7F39A,BDP,SM-A202F,KH,HHP,Smart Phone,Galaxy A20e,,,Entry,456,06,fr-FR,,2019-07-11,Product,
005056BFC8E81EDD82D2367848BDBA72,BDP,SM-A135F,MM,HHP,Smart Phone,Galaxy A13,,,Entry,414,09,en-GB,,2022-07-07,Product,
BD343ACB77231ED5B6FC786D5472F08E,BDP,SM-A710Y,TW,HHP,Smart Phone,Galaxy A7 (2016),,,High,460,1,zh-TW,,2016-03-06,Product,
005056BFC8E81EECB7D2074441E5D228,BDP,SM-N976N,MM,HHP,Smart Phone,Galaxy Note 10 Plus 5G,,,Flagship,414,01,en-US,,2019-10-11,Product,
005056B85CC51EEBB5B8D7492176B542,BDP,SM-A725F,MM,HHP,Smart Phone,Galaxy A72,,,High,414,01,en-US,,2021-06-25,Product,
005056BFC8E81EECB4F229FCDBD0DDC7,BDP,SM-A025F,MM,HHP,Smart Phone,Galaxy A02s,,,,414,06,en-ZG,,2021-01-31,Product,
BD343ACB77231ED59ECF1FC26B2D508E,BDP,GT-S6802,PH,HHP,Smart Phone,ETC_Smart Phone,,,Mass,0,0,en-GB,,2013-05-06,Product,
005056BFF94F1EDC89A434748B22E48D,BDP,SM-A025F,LA,HHP,Smart Phone,Galaxy A02s,,,,457,03,th-TH,,2021-06-28,Product,
005056BFAFAF1EDCBCADD2DD58AF3AC8,BDP,SM-A530F,MM,HHP,Smart Phone,Galaxy A8 (2018),,,Mass,414,00,en-US,,2018-06-07,Product,
D1C28602FDCA1ED6B8AB12F798A8D611,BDP,SM-G750H,MM,HHP,Smart Phone,Galaxy Mega2,,,High,414,5,en-US,,2014-12-16,Product,
005056BFF94F1EDC84B19D8E70E53338,BDP,SM-A025F,LA,HHP,Smart Phone,Galaxy A02s,,,,457,03,lo-LA,,2021-05-28,Product,
005056BF63C01EDC8D84085F075188AC,BDP,SM-A037F,MM,HHP,Smart Phone,Galaxy A03s,,,,414,05,my-MM,,2021-10-23,Product,
005056B8A9EA1EE8BAE82A9943567B02,BDP,SM-T807T,KH,HHP,Tablet,Galaxy Tab S 10.5,,,High,456,08,en-US,,2015-02-08,Product,
005056B8A9EA1ED989AD1DEBE3189DF1,BDP,SM-A5000,MM,HHP,Smart Phone,Galaxy A5 (2015),,,Mass,414,09,en-US,,2015-01-22,Product,
005056BF63C01EDBBEBF40D3ADD98EBC,BDP,SM-T225,KH,HHP,Tablet,Galaxy Tab A7 Lite,,,Mass,456,08,en-US,,2021-08-10,Product,
005056BFC8E81EEC9BAD1C452B270B5E,BDP,SM-N976B,LA,HHP,Smart Phone,Galaxy Note 10 Plus 5G,,,Flagship,457,02,ko-KR,,2019-08-24,Product,
0017A4770E0A1ED891A92894CEBE00C4,BDP,SM-J530Y,MM,HHP,Smart Phone,Galaxy J5 (2017),,,Mass,414,06,en-ZG,,2017-10-30,Product,
005056B864471EEBA1E5DEC511E9EB96,BDP,SM-T285,MM,HHP,Tablet,Galaxy Tab A 7 (2016),,,Mass,414,00,th-TH,,2018-10-04,Product,
005056B8A9EA1EEBA8BEF5A6D325BC98,BDP,UA82MU7000,TW,TV,LED,PUHD,,,82,"75""↑",M(2017),SMART,FLAT,2022-01-22,Product,
005056BFC8E81EEC92C18ED87D970B52,BDP,SM-A605G,MM,HHP,Smart Phone,Galaxy A6 Plus,,,Mass,414,09,en-GB,,2018-08-02,Product,
005056B864471EEBABF95E347251B7F6,BDP,SM-A015F,MM,HHP,Smart Phone,Galaxy A01,,,,414,00,my-MM,,2020-11-02,Product,
D1C28602FDCA1ED6B8A9E87B0BFFF611,BDP,SM-G928C,MM,HHP,Smart Phone,Galaxy S6 Edge Plus,,,Flagship,414,01,en-US,,2016-05-25,Product,
0017A47705F21EE68CA9DAF705A5DF31,BDP,SM-M205F,AU,HHP,Smart Phone,Galaxy M20,,,Entry,234,45,en-GB,,2019-08-10,Product,
0017A4770E0A1ED882EFE465D3D820C3,BDP,SM-T285YD,MM,HHP,Tablet,Galaxy Tab A 7 (2016),,,Mass,414,01,en-GB,,2016-11-04,Product,
0017A47705F21ED6B8D2E71BA55EA94F,BDP,SM-G318HZ,LA,HHP,Smart Phone,Galaxy Ace4 Lite,,,Mass,457,01,th-TH,,2015-11-18,Product,
0017A47705E81ED78CCEB0E7325A80BF,BDP,SM-J600FN,MM,HHP,Smart Phone,Galaxy J6,,,Mass,414,03,sr-RS,,2018-10-12,Product,
BD343ACB77231ED59F9FF0324151308E,BDP,SM-G7102,ID,HHP,Smart Phone,Galaxy Grand2,,,High,0,0,in-ID,,2015-04-02,Product,
005056B864471EDA929A1E223AC92429,BDP,GT-S5302,AU,HHP,Smart Phone,Galaxy Pocket,,,Mass,404,45,en-GB,,2012-11-18,Product,
D1C28602FDCA1ED6B8AA4941DFA8F611,BDP,SM-T231,MM,HHP,Tablet,Galaxy Tab4 7,,,Mass,414,6,en-GB,,2015-03-25,Product,
0017A47705F21ED5B6B6235252769A63,BDP,GT-S7270L,TH,HHP,Smart Phone,Galaxy Ace 3,,,High,456,8,th-TH,,2014-03-25,Product,
005056BFC8E81EEC888F6280CB5E640C,BDP,SM-A127F,LA,HHP,Smart Phone,Galaxy A12 ,,,Entry,457,01,th-TH,,2021-09-28,Product,
D1C28602FDCA1ED6B8AB042866F59611,BDP,SM-N985F,KH,HHP,Smart Phone,Galaxy Note 20 Ultra,,,Flagship,456,00,en-GB,,2020-11-26,Product,
BD343ACB77231ED59FA1242D50EB108E,BDP,SCH-I759,ID,HHP,Smart Phone,ETC_Smart Phone,,,,0,0,in-ID,,2015-05-12,Product,
0017A47705F21ED59F83C87220F33A63,BDP,GT-I8262,ID,HHP,Smart Phone,Galaxy Core,,,High,0,0,in-ID,,2013-10-24,Product,
0017A47705F21ED59F85D9CA1BBD3A63,BDP,GT-I9082,MY,HHP,Smart Phone,Galaxy Grand,,,,542,1,en-GB,,2013-05-24,Product,
BD343ACB77231ED5B7835D6C35F4508E,BDP,SM-T805,TH,HHP,Tablet,Galaxy Tab S 10.5,,,High,432,11,en-GB,,2015-04-04,Product,
D1C28602FDCA1ED6B8AA40415879F611,BDP,SM-G998B,KH,HHP,Smart Phone,Galaxy S21 Ultra 5G,,,Flagship,456,01,en-US,,2021-03-01,Product,
0017A47705F21ED59EF36A1CFD985A63,BDP,GT-I9082,MY,HHP,Smart Phone,Galaxy Grand,,,,0,0,en-US,,2013-10-02,Product,
005056BF63C01EEC9AE17CDF68A2777D,BDP,SM-A226B,MM,HHP,Smart Phone,Galaxy A22 5G,,,Entry,414,05,en-GB,,2021-11-14,Product,
0017A47705F21ED5B6B2F1E1D3D8FA63,BDP,GT-N8000,TH,HHP,Tablet,Galaxy Note 10.1 (2012),,,High,0,0,th-TH,,2012-11-26,Product,
0017A47705F21EE68DF03C9F6FF11F31,BDP,GT-N7000,AU,HHP,Smart Phone,Galaxy Note,,,High,204,16,,,2012-04-22,Product,
0017A47705E81ED88CF78885DD02C0C3,BDP,SM-A510F,MM,HHP,Smart Phone,Galaxy A5 (2016),,,Mass,414,01,zh-CN,,2016-02-28,Product,
BD343ACB77231ED59F9D6E7106C5708E,BDP,SHV-E120S,ID,HHP,Smart Phone,ETC_Smart Phone,,,,450,05,,,2011-11-28,Product,
D1C28602FDCA1ED6B8AAC9D394923611,BDP,GT-N7000,KH,HHP,Smart Phone,Galaxy Note,,,High,456,06,ko-KR,,2013-04-15,Product,
0017A47705F21EE68DF61C5B22987F31,BDP,GT-S6102,AU,HHP,Smart Phone,Galaxy Y Duos,,,Mass,542,1,en-AU,,2014-06-12,Product,
0017A47705E81ED88EBEBEC37D7FC0C3,BDP,GT-I8190,MM,HHP,Smart Phone,Galaxy S3 Mini,,,High,414,06,,,2013-10-27,Product,
005056BFC8E81EED88FC95ECBCF28E1E,BDP,SM-G985F,MM,HHP,Smart Phone,Galaxy S20 Plus,,,Flagship,414,05,en-US,,2020-10-29,Product,
D1C28602FDCA1ED6B8AB12F799405611,BDP,SM-A300H,MM,HHP,Smart Phone,Galaxy A3 (2015),,,Mass,414,1,en-GB,,2015-12-04,Product,
005056BF63C01EEC8FAF0CE74E4397B2,BDP,SM-A037F,MM,HHP,Smart Phone,Galaxy A03s,,,,414,09,en-US,,2021-11-04,Product,
0017A47705F21ED5B6E304784AAF5A63,BDP,GT-S7562,TH,HHP,Smart Phone,Galaxy S Duos,,,High,414,1,en-PH,,2014-06-14,Product,
005056BFF94F1EEBBFD3AAD51E924260,BDP,SM-A037F,MM,HHP,Smart Phone,Galaxy A03s,,,,414,01,en-US,,2021-12-22,Product,
005056B829D81EDBB6EA97B6B11810D9,BDP,SM-A526B,MM,HHP,Smart Phone,Galaxy A52 5G,,,Mass,414,06,en-GB,,2021-06-29,Product,
D1C28602FDCA1ED6B8AA641414837611,BDP,SM-A720F,MM,HHP,Smart Phone,Galaxy A7 (2017),,,High,414,00,en-US,,2017-05-09,Product,
005056BF63C01EDC8F9BC0EF6BC83848,BDP,SM-A315N,KH,HHP,Smart Phone,Galaxy A31,,,Mass,456,06,km-KH,,2020-10-21,Product,
D1C28602FDCA1ED6B8AA6CF60CC49611,BDP,SM-J100ML,LA,HHP,Smart Phone,Galaxy J1 (2015),,,Entry,457,1,th-TH,,2015-05-17,Product,
D1C28602FDCA1ED6B8A98440E8D73611,BDP,SM-C900F,LA,HHP,Smart Phone,Galaxy C9 Pro,,,,457,02,lo-LA,,2017-03-20,Product,
0017A47705F21ED59EF1A859ACC51A63,BDP,GT-I9152,PH,HHP,Smart Phone,Galaxy Mega 5.8,,,,440,20,,,2014-03-12,Product,